NFT_Hash,Owner,Title,Timestamp,Content_Hash
e15a0a0502a60676628b8c3c98c8a2bcf872e5599e9953ac1e31a6126eb80594,Abdalrahman Alahmad,Social Media Addiction,2025-12-08T12:36:43.046951,b1edabb417fc388eceac6d17e7406c0736a73595a35d37beaec2a565055a649d
f7b3f1eb39b62cd8bcf38d110b77106ed6c982e14ce9c68c55bd81749628a1f3,Zeyad Sabri ,Understanding Social Media Overuse,2025-12-08T12:40:36.443018,6997ebda738288b8a4d132280e15f5205d835da4961df238ebab7c988afe9121
ec59749d9882947adf1ce0ecfb4c111e4a0bf3768f4e9104e080b11041ebb3ce,Ali Hasan,Huge Consuming Concern of Social Media,2025-12-08T12:50:28.015071,008bf4668913f0af6005036f910b360205c9998619974b6a65cf8fd770ec723b
b82db70c02fe246c0ea51576abc17d8354394a198ec30c268584528e8db9011b,Muhammad Ali,Social Media. Addiction Concerns,2025-12-08T12:56:14.003226,af5f1347f5e6b027b314892b448978f9f4e0045f4fda814cf0e33269a8fe0f5c
2e66fec9943c7aabbe754847101088df59c9378e52f7c9c34d2cdf5b26de5357,Ahmad Zaid,Ai,2025-12-08T13:06:38.753450,f7f4846a6322e54639af2a404ab1ac100d400d2724b8afd254fc8bb9b0db0a94
c2ebbe3ef2bf121099a848b691d640a282e3a719be1c4633ee15ff436748f159,Sultan Saad,Ai,2025-12-08T13:07:22.588969,0d13389e2df5a36f99dc4e90360c6e0bc79b44069bc153c8ccc1cc3776389b8c
b8e988cf1c85d78e494abda7eec691a9d71c01fb3d58c2549d5accdbba98c582,PAN-Corpus,Source-source-document05296,2025-12-08T19:09:38.264013,6822ac0872114fadae6d5343644020921a17f707790724e7eee0aaca1cae0a43
b5dcc86d16aa449c249a2deb91be982371989eb9021f0dc5c8bb17fd792684e3,PAN-Corpus,Source-source-document05869,2025-12-08T19:09:38.581302,8682544c89d9a2688a49f2891428bd93f9074793c1140b3a606a5b935b89dcfc
f852b4bc6660fd630dc016757fd2611c91fb58889c0055e7471e70d933cbd62c,PAN-Corpus,Source-source-document03134,2025-12-08T19:09:38.769621,21ebdf0484c9c610aa71df8a6555be36464a73479f671dbb89118bff57fc9d8e
8642d8202f15e30bd597a731f4a7f5322ffe173198fb0c42939cf07039cdfdd3,PAN-Corpus,Source-source-document04383,2025-12-08T19:09:38.940842,ab6fcbca6f6121afca42b89560ab3e4f14c5ed81338e5b044a92e12d9fb9d964
75ff8c5fd25adff17132c2107a32be8b83d362656e5a35a178b50422611fef24,PAN-Corpus,Source-source-document08643,2025-12-08T19:09:39.692663,3465861d0b2ce49d3a2a3346c1af40f604ebe7e0c4fe218dce9141426f5dfc7a
58abd286c154bb26c2eb8a497300ccc483b3fba89be4d1f6c8db6c46b9f46bb6,PAN-Corpus,Source-source-document11014,2025-12-08T19:09:41.002783,80158af46c3e84488a091b0a42befbd8366eb50c07b88584d6081e79f3eaf3bd
638070d104c8b4126502f66de25c3c5f4806be752e90707ee4374d19b9c9f44a,PAN-Corpus,Source-source-document01963,2025-12-08T19:09:41.810642,b7f71e3b10d194c5d4bed3fa4aab4f5a7ccff8b0c09d092e2e4ac3964c7e5887
7386dfecb54f873d9287ed99bce26dfc0ee6991880b13d28713e8f5a008cb227,PAN-Corpus,Source-source-document02584,2025-12-08T19:09:42.110443,f8c7d82d7531f316a2c6f55815a7c5c4ed1dae151831dd78893777dd7b9d5abf
7b964e4f33fb7bede08b0305495f75c091b374b7bd3e60e22858a95a21e1bdf2,PAN-Corpus,Source-source-document02655,2025-12-08T19:09:42.286282,4fe4ad631cb87084b86222107159dc08af7501003f409412d42db7e36d2cfd0b
89a56fbc4c7d247b43a3e34c6cda582483e5513d144df9c73070672bc77a61a7,PAN-Corpus,Source-source-document04056,2025-12-08T19:09:42.438004,6577cd961c8070fa5716169e58c0585e188e7cb02c0d467f1e6d0a8e05ff3333
23a3933a7ada055cd54c279c3460ab1609a6043261041ed1dbb4432f4c690493,PAN-Corpus,Source-source-document06342,2025-12-08T19:09:42.628567,3d88cb3eb4ac18bfdd84718ea7df1536b062b5cf448ad3e4588c529b4722c1e3
8b9e4d779a84edc0583cd5ed3356c47c7e46e54a185fc3c152e32d45eb5235d0,PAN-Corpus,Source-source-document00529,2025-12-08T19:09:42.794726,e1348f11246ef6990a3a3b5e39a1f48f17e76c3c268099d9a199452961098930
2c507ce1c107786007eca4d3689751fc1787d8bb881c98502e568d0e01bc3f51,PAN-Corpus,Source-source-document10624,2025-12-08T19:09:42.952675,038aadd1542bb1758d40bf629deba2f7b369de1a2cafde9f231d62117ffb0e78
e465b89e8ec9b97025e9680aae9a75dccd8fcd81c8d8e1070193876b42749328,PAN-Corpus,Source-source-document09146,2025-12-08T19:09:43.155322,3668499286e58e364cec12fa7e017e3303568483b7613e168e494d4f5273181f
08677f2ca5c43b46f7aa35ee42e87cb16b89dd36a1abb41928d72a746dcd91ec,PAN-Corpus,Source-source-document05078,2025-12-08T19:09:43.329757,649155ee463f81b7297c89be1684bd218eccc10119acfc649787c1777b69641c
830a2891f1dbd151c108efcff2e9c277bb515517127fb6c5b4ed05194990b271,PAN-Corpus,Source-source-document03488,2025-12-08T19:09:43.477744,2fd77b64332feabda78ef9243900b1a208ae6814961f0ed71871393304261110
b19e3bf665478ccbfedbefda9be157fd0015a880079474d86c9c534982bba556,PAN-Corpus,Source-source-document08339,2025-12-08T19:09:43.717335,22c7b0bcd478fb2e8b8edb12333d9346d8ae44756e7db36dc30e35f43d9acec2
a94ab408d6c39caa4a10bddf04282ad78bd9f6a26c8d990e0bf5388850c1f475,PAN-Corpus,Source-source-document10715,2025-12-08T19:09:43.902748,870f868f1daa11dc4f1e097932a0df4244e0ee227f706de39b1108c4f1917c7a
789675821b57697f6f2f39cdcf385a28f1ddd6be8642b83cc1ce7e498d5d7e08,PAN-Corpus,Source-source-document01450,2025-12-08T19:09:44.096389,bbb78cd26b28326dda4188264600a11bbc2c9bd14062181a9920c66dbfb91110
696563d14039bc07235be66589df6dcb8d2fe981823ea9e9ab667df349ecbb0f,PAN-Corpus,Source-source-document05439,2025-12-08T19:09:44.360685,f941fbe098202584e8a9a1c645fad07504534e92bd09ec6bc7c670a3b2ba0d20
cfb466cab49582aeb6b5901840888d113f4ea8d6c365892460ed4d8cecb7e004,PAN-Corpus,Source-source-document08267,2025-12-08T19:09:44.521041,b81462e95b9713ca8941cf972ad597b2a9cbd31dddccc0609302c2e3a37ca9d7
a9a607c80106ec99418b444cbd57924286c6937be99e418dfca76ed5f361582c,PAN-Corpus,Source-source-document07756,2025-12-08T19:09:44.697069,acb557b9a530543073e367fdf033743a9ec38c4992cebc1b3231a79782fd89f9
19941083a66e3d9741e217f9d3df3799cf44d1d5b76c1ed5f9ef60abac9da1a0,PAN-Corpus,Source-source-document04021,2025-12-08T19:09:44.871697,18869867adf13d8fd75700415822e4a22f499a602421d46a734a0ed0213b29c0
b882ac19577ad3ae31cbc29e4869829c0af5f0dc6b2a7a0f6526534a8a88f2a5,PAN-Corpus,Source-source-document00798,2025-12-08T19:09:44.985919,e52c87f4d2ae49e0781398dfde68cb4baba2a24dff204bb5e57a6f02fc31e835
a8f24c8a7f5e3b8c4716ab3ff1cac6de4319ac958b68ef73a56c243d68806a7d,PAN-Corpus,Source-source-document04109,2025-12-08T19:09:45.123175,3449ffb85cef412a06cc4e8315fdbc93de91183b3954d18aaa4ee704e91e1b9c
f8cf597c694865ea88ddb7b14571664a290781795b412ba4b814a6828eb4a475,PAN-Corpus,Source-source-document06275,2025-12-08T19:09:45.384708,1cbe5141177a634e3a66a1305dc20a2fa98fdc2a8a423c2e58b40f51408d3e53
79d5c9489235b52805172fcc25a21e064b9b47214649048d2aa6c198c718583e,PAN-Corpus,Source-source-document10739,2025-12-08T19:09:45.625015,324ffa45987ccae0fee45d8188507b66d39cbdc7e64182b1c74a51b27c08091b
6bff10dd90867ee5913435207d157e21d490ca5ac6a8138ef0864a502da4a580,PAN-Corpus,Source-source-document10292,2025-12-08T19:09:45.785323,b4a56b753d30850dda4d1f30aec68366cc391421b5a36ed4d537395980fd3da3
0ef1bd0dd95009c72efc4002fa272e1f9735e7db479e8a11058c3b701efbdf6a,PAN-Corpus,Source-source-document06062,2025-12-08T19:09:45.983071,a33ac3de9b7ad2ed3567e6b312859764463618ce567a3da2f4e12f752d7bd5b2
209a74e408b4fb325d4c4a7595b772e60f387686a7f26c6947b590d1e56313a9,PAN-Corpus,Source-source-document04273,2025-12-08T19:09:46.096408,55952a9b94e3d3e8d8ff51e093b14724539bf86f4cb28d1ea539a5dd3e294832
1245d9109b2dcd0e1ac8bdaa548aedf4a9c4fdfc2224a9a61ce82138d236639a,PAN-Corpus,Source-source-document05315,2025-12-08T19:09:46.296036,54238b95ea1a9e5fd9946e6845ccfa1682a8c9933b7c5ea381d3f6d900c1e4d1
32b633c7344c521c7de1e1541de189961e1648f6dca0931ad1ad8ffe4f184d71,PAN-Corpus,Source-source-document04857,2025-12-08T19:09:46.493644,aff0b35150df7a93c8c3a7ac204ed7312041d0bc7b107027558522a08d6ed327
471134ee506c8b5da01a08f66686c7550388b1cd20ae657bc05646f4bd48f7f3,PAN-Corpus,Source-source-document03461,2025-12-08T19:09:46.637197,3da9f128fccb0b53ff405eab93204a32dc473538fb8c20ea888b2b4a6fb89460
67282ace45f05859abf93fb69b1735193f1133aed3167c9754e971b687875547,PAN-Corpus,Source-source-document02816,2025-12-08T19:09:46.827737,a496edee6b84ac85e806e0375b21f1093fa007ea706da1b3cee6ae89c9f0a426
e73fd714cd63dddc35649d54552ac0a7a81cd240fab6b3517155918f5d6742a8,PAN-Corpus,Source-source-document08278,2025-12-08T19:09:47.002539,dbf77f09b093e9ff9dba8c4a1761572b209b7c79a1cb90709b4e26eeee0188fd
21b8da20b4101c6fc51af8d163c8c93621c722f15284e4a4e23c2e4516c6dfc0,PAN-Corpus,Source-source-document05465,2025-12-08T19:09:47.236925,87937a8033cc24c4e8d86d10016e7f24fd2fd62d810817b559f7345d2a73c1c5
aea5efe697414ca1cc46384a341ea7a50c45874145b66bfa3ff0f681567e0dc1,PAN-Corpus,Source-source-document10615,2025-12-08T19:09:47.399527,00813f228f50779cc62ac760218e47f5e1840117f1b56d475f26496041a1f9f5
916d812e0ff302f089fab50044509d50c28b2536304a73ddd5eb20694f054ff8,PAN-Corpus,Source-source-document06540,2025-12-08T19:09:47.562120,504be9a6ee67bc88b6085d7afdb133505f1c51909a902883f63c3daa962934eb
33b33ba0b9be574b69dfc465501bb8e0955758c2dd3ba8cc904d7daf97255be0,PAN-Corpus,Source-source-document09243,2025-12-08T19:09:47.818446,93189c5308325d55fe36243b43195fc9a75d8ae594a9c2e0530a579761b43d1e
376699eb6a14fff0f5d03bfb6be0259600a85461344b17125b7980b5f094d7a3,PAN-Corpus,Source-source-document10168,2025-12-08T19:09:48.143592,2451e08fe62eca02e4906608bdbb91292c97600fce16e1189003eb9abb809998
85bd31621fa5c7c27812ec19eba7261f9000330b5b644e4652e3b48b69015e71,PAN-Corpus,Source-source-document01500,2025-12-08T19:09:48.327655,d80ce3ce53cd8b74e4300debdb4d1c3eccf3bce62beebc27fd0529f22a890d3e
51a9cb0282b3f7d397886acb36ed6e5658722d7eefd2f7a651181f5af446bb78,PAN-Corpus,Source-source-document04446,2025-12-08T19:09:48.532275,3d44cd760c55af4a28834036fbf2b0738d8edec67f25bae1eda71aa25a0310b3
a411ead6584760f63225635fd4adcf41434834839c4df4ffcfecc38620759945,PAN-Corpus,Source-source-document03255,2025-12-08T19:09:48.688201,632e017e33b66495fa53ebd18caf4c63e5fc559cd8a60e34dfd7c4144fa97a5f
01355c9a66148e447d43202db90967eb99155320b9fa62e3956c6a90768cca48,PAN-Corpus,Source-source-document09359,2025-12-08T19:09:48.886947,5a6552f3fbbc91f64b28cf2fbde8ca1c6012f5e68f8a04aa2dc140b744a72b40
e08abc967ca49873f3cc62e2f99406ce8e875d2311cfafe33c03b6b606098000,PAN-Corpus,Source-source-document08384,2025-12-08T19:09:49.038347,17a47a39eb9ae039dd11ec88897fc67397f7c6e63ac77d9518a82cd752653da5
355613a59ef3633ea7d7508e6a1f3f18e34dc9e25e5f256bc1a3198d3e4356bd,PAN-Corpus,Source-source-document10796,2025-12-08T19:09:49.205363,6ff17ead5c94daa3f841ca48108c5614992bd426d757204d9e8337272fab139b
10560dd40e4ea58f1c83915b9e4e3ca76dc57be40ed519f80a86f14799b8acef,PAN-Corpus,Source-source-document08344,2025-12-08T19:09:49.370527,9dd85af8e829df18ae5ae4266c9dc55f52e866183f68d82a7d5c5a44e89e2e9c
ae2b9963e51c356d827cc4166cce8b3544e78bfbde9f802a65c76ebf7af426d2,PAN-Corpus,Source-source-document10751,2025-12-08T19:09:49.592585,e2e0b5dcf68a2f1174e75b9920182221951c71a23e99a0fa561e1d43bbd1b4be
7ee1ab95097806c16dc323467deff7d45db7f5fbbde1997be33b1a34b5fbb82c,PAN-Corpus,Source-source-document08262,2025-12-08T19:09:49.751183,66627d4e77bc23571b8418dbb69e5736268b9d59bd06f8e8f3ba07b1b6c72a70
cb2c5e8f813a25c503f43f88414fe27277d89e2bcf373f4e2f93c60c6ff7ad1b,PAN-Corpus,Source-source-document07974,2025-12-08T19:09:50.037315,469db757ed2a1efc9505b2b6645647141d7025c5ad4832051b4240bed85cbda1
cf159ffe1e71042e15ad7276e5ced57d755b22aa489da0c30083303f3be30bc2,PAN-Corpus,Source-source-document01655,2025-12-08T19:09:50.197003,636a797869d3f4c16dead1ad82f5d6e10e458e0f9d88caec3b1dcbc5dc55abf8
80fc0abc9e48f945ed3bf492bec992a76363d90b285dec406c7c9973f15bfc54,PAN-Corpus,Source-source-document03745,2025-12-08T19:09:50.505066,00acbffe3e8bcf7b315575bc7eb3f69f1cd8f19c80a1833430d733d45cccb4c3
7a458751a939c15b59a5fb9733f70f0e038f7dd21a1fa64860a6bff0c65d8753,PAN-Corpus,Source-source-document01146,2025-12-08T19:09:50.738594,11cd503ce5add8da1c60d5b33f72247aa8a5b7408d9b75aea394f5ba014eeeb7
f27568978b4c3297f232ca46f7319455b579652ec9639c0d5cb9e1498c5a7c37,PAN-Corpus,Source-source-document08210,2025-12-08T19:09:51.053156,7a6982ee4b71c7543a98981b9f04a8603b622868d521f469b53666c6cdcc339a
e4b3d0c4a5202cc120241d2fc97d53ad6a5473a57669cb2fb1f4c07d18e73469,PAN-Corpus,Source-source-document09367,2025-12-08T19:09:51.278988,c1f43473a5a4d2224d9831d56a9157192105a9afaf1b3282e6ce65a75fd0f0aa
e49fdb0885930e96f0227e316f51c2c0e37408191f08d2a902ada1aa553918d9,PAN-Corpus,Source-source-document02535,2025-12-08T19:09:51.799233,87758630d50f5ea182ea7a001f08d8c24a41f845d0cc58f7429e556bee311606
4d0a1ae5ec73fbb38edf1337f8b9bf2860bf404a0635848c38e5e1da8af9ebce,PAN-Corpus,Source-source-document05782,2025-12-08T19:09:52.045670,23f901094b5136293e824b0104ebc49b8f946465e370a2f0f431250c255bae8a
0bf8353d07df675eb06f45eee9392565b0fd7292a53b2f32550fbbcead794e57,PAN-Corpus,Source-source-document01267,2025-12-08T19:09:52.250679,c3fd5fea3020c725af0b1a99dd3b1444da9871255601839ccc2904fe6c00fea4
cab5fade95a86f1cc08c8ca6ea06a25be229d76446717db2a8a35f68101d5dc0,PAN-Corpus,Source-source-document05611,2025-12-08T19:09:52.438469,df1262fe84d38ecd56e2f6ef41099df389390af9e795bf901df712a5e1cbd76f
b4ab433f21da0d111e79aa19f8ad000fdb56b06327dd8bbd8caa7e11ebfff836,PAN-Corpus,Source-source-document04630,2025-12-08T19:09:52.659818,f9aa091d89b6ebcaacbe3de35a5f4e32161d5eb2f0f553f72fe087e86204abb0
4b9da2e5dfb03622392ab6bdf000a7513a73e1a00260850bb6c1a1e410b69d93,PAN-Corpus,Source-source-document06113,2025-12-08T19:09:52.885511,82df8d2a266fabaef275e0a2cad8457f812bf129d3407048467afc9b130e8362
de627cb95f34d95dc3d4cc32c3a73446550a81096c3361383756c21335dc2573,PAN-Corpus,Source-source-document02276,2025-12-08T19:09:53.040914,26964b2706140c526d2a7b4746007c22d3148364f199bc2877d0c57b6d0add40
ebd5c7d7dedb971ea1a90d74c20f4a0d9d516f2103bae34cb3db29da22a6c865,PAN-Corpus,Source-source-document05907,2025-12-08T19:09:53.225120,e1ddb6f64124f6c81d5f97e5d060743b51bcc76ecfa366dc79e91024c83ece9c
b38299e5ca3a13f907151c5bcbcf108480f009f5853b749f9b485d1dc07c80a6,PAN-Corpus,Source-source-document06515,2025-12-08T19:09:53.386854,88748df03f80649f4cb4358e018eca73f707d2f350fd1959cc526affd2653254
5de766a10af084f339f97d31ec525edb6ec16b4175168855435f253e97ed0497,PAN-Corpus,Source-source-document06274,2025-12-08T19:09:53.569743,3acbf7a928f05f24c2c2ba1a7b18130894dd0e4f365c2d15bfc9e51c612b4281
181d1c4963e7e20cbd78afda509dcca87d2e10af78b5244cd675f49441a88306,PAN-Corpus,Source-source-document04289,2025-12-08T19:09:53.798332,4ffc78b079dcfb63bb9094c59452e08d3f5a805c35fb4e33fa5ed817053bbafc
42c736e3209500274e17128bd132c7d144e0e8baefc9f841f1df9f5fe0273d5d,PAN-Corpus,Source-source-document01076,2025-12-08T19:09:53.963990,7c082105df67eefdd89f59bbd3deb67a8f4211ce91c1dbea800a9ba6ab64c247
b9a81f92014247d92870a73d0ef9361a6883bcd01b490fa0819f1f330ef09d26,PAN-Corpus,Source-source-document03645,2025-12-08T19:09:54.183859,8c1835ba03c820d938ff69e3ee89239ca6ce42b81be9f557c3ff4d85dc47d1ab
69cbe93a41d457b47bd8cdaf57a2e20f08c918eb25f12b7e1b42a904732e5bb8,PAN-Corpus,Source-source-document04362,2025-12-08T19:09:54.456595,b11541df5efa29b4630c9a73a826d5a3e6046b6abbdfdf265a8bb1ec574a465a
c07b7d334deaeac2fd724cfadb6cc5bd910abecd7ac1862ea6b8ec139886d955,PAN-Corpus,Source-source-document00673,2025-12-08T19:09:54.642665,2912abeee6f62ad9d20cd2e2b5622e2e60bf018d33c82e5fbee0d66f34265e50
6059316425f55a8a3a581b85d7f9dce397103c1aefa14fb7782dbd9a59c5f489,PAN-Corpus,Source-source-document06064,2025-12-08T19:09:54.826385,7276329b5c4e85535db2c931ef8c1641a91ba9cdaf6571bff97d819a4aae9df2
e48d774d6a9bc6f7c34892bf93c6d64800a9ed999d1b1327b920c3310cdfe9a9,PAN-Corpus,Source-source-document01286,2025-12-08T19:09:55.102497,919a2edc3edacb6552471962d8989bec975ba7e2ce6a0f12be7659f46fe39858
4e8c51a14cab43a94d775f526264f6d11545709a6356faf57b217a676f5706a1,PAN-Corpus,Source-source-document01513,2025-12-08T19:09:55.268627,8664d79ee0ac62bb99f4aa9476b3a50979952385dc44e67f5f49a186b2e27100
91d78d52b4df1ab73d31a32e462a45333a489a569cb33cc2098654126ab7ff14,PAN-Corpus,Source-source-document06615,2025-12-08T19:09:55.538234,f427558be25c415a0dd54626148e9dcc94de114d783d09fc16e4c82d29195560
5ed31201694456235afcfa7370cbd0fbb37ec499428edaa841c8bf40ef9fc3d2,PAN-Corpus,Source-source-document00709,2025-12-08T19:09:55.702149,26ae57777e3d2c5783db29d35736cd950c8b976b5a2dd7fae1e5d347efac9a32
e1ec1deff2afb8615d3e6e527d82e750eb9458c06585e62244a869f1f0ce2294,PAN-Corpus,Source-source-document03478,2025-12-08T19:09:55.855974,efaa8653a06141a382779123682999694c2c68f1a004048f034b9b0a003e1992
b0d55a3de30e600eaf83bcf9816b3d624fb1a8c75b6452d21e505b9d54990257,PAN-Corpus,Source-source-document08070,2025-12-08T19:09:56.012968,fb3b60de94161629b26db26a94f80dee3c34f520bf7b48fd3708df1c67751416
c2fcb4038daf2b21bc316ffec9cec1841af0c69bc09a9892f79ac5c360c92823,PAN-Corpus,Source-source-document09524,2025-12-08T19:09:56.179634,d502a516fa30a8a3db281751124a5a72dd0b8a8eb2d5878c01e9885fd2f50300
bab67af2a428c01d164a0eca6c9bd3ffb8795338b098b6557ee2021c490f8101,PAN-Corpus,Source-source-document03626,2025-12-08T19:09:56.375413,73d4a2b25d68bf787cbecf65be584f92a469a685c2544584ed2a9a096cddb87b
373dc305bb5e3f959d6efb1e5287ece5bca3ab1b5c797828b1afb5794f6f1e56,PAN-Corpus,Source-source-document10718,2025-12-08T19:09:56.506744,594007c61bbb8547fc1b0780b9147494a4363de5d2227f30fc6562e9a4695429
107f6c08980663285d7f280c66831e1155e8fe66c0cfa8d114f29b03fc883429,PAN-Corpus,Source-source-document06637,2025-12-08T19:09:56.665790,ea7169b2b6c47004ac58fd4ce90d5a66ba4032e987a5063235f06af4765ef5cc
45e0fee745e30609820c9a32943a0836a708bf16db9a6ec8190f5294b3b3261b,PAN-Corpus,Source-source-document09806,2025-12-08T19:09:56.834789,cb8b7e4d6b7b253c790493be576a71d00657aeb97f4e5f1a4b94cd76987abd17
71ae92bdb052f18c65fbd42c53173298a0100c4d04976bd84d3ebb9430cf1758,PAN-Corpus,Source-source-document08487,2025-12-08T19:09:56.972410,389f98112925ff874f07835317d0e8e7d96195482afba62a7939f90f221d642d
335d8d2dd99f31dbb3459e13219d0ddf711bb0aa8526696330f6c26873023f5e,PAN-Corpus,Source-source-document01482,2025-12-08T19:09:57.160682,436915a5f608f8c0e3ed7d6b4c2089e4d52d4f0603311c3ce85d4294cfb4ed95
d90557268fbb8fd308532ea5c1e7cb2c6feb35cd6af58fcbd27908dcac50e6fe,PAN-Corpus,Source-source-document01672,2025-12-08T19:09:57.329383,bc36baf58148268915c499298d4018b4a853853d77dd1dbf06ae944b99510c13
4c85ded68a2cd5ef1e2e7f661834d669ee53e50a545946cb2091568f8126635d,PAN-Corpus,Source-source-document03008,2025-12-08T19:09:57.482494,aa363fc47a0391bd36a5be78b8e35db081bfe5574bedaf995840e9b2308a36c9
02f3fa111fc7b82bb81ae186fd9eca103b0b1d01fb15337e839218b0fa51c506,PAN-Corpus,Source-source-document06068,2025-12-08T19:09:57.696286,5435265c5a14ab8882f79643c0f0b03437a468327a8160cf4472841f705fd945
5b8bce17a6fb12090177480d0631e7e14f0abafb400c60caeb8988d9762aa5c7,PAN-Corpus,Source-source-document02176,2025-12-08T19:09:57.903507,58691111cbe6d087143f7bd33dd5d14d465aa41e948c8387835dd682becf1d23
96d8e7e68ac4ebbc186205d23cd1f2a27872efd7aee9260d937aa2d5825cbaa1,PAN-Corpus,Source-source-document04747,2025-12-08T19:09:58.066395,33c79c61cd623df29b5ef4e0c31a0c2da643aa7652b9975d35f7a4570c66c8e6
a2db03c70b6e67fd4edfb75d075012627d8c7cd0f24eeeed5917df4f451f7044,PAN-Corpus,Source-source-document03927,2025-12-08T19:09:58.258517,0b91aa643a7997523d257dafae7693f1bbffc3015bdbc21d54c081cf138189e9
e924fafa6e72899b187d89a664fd44f81893f26114cece4a27a45345edacb1cf,PAN-Corpus,Source-source-document07967,2025-12-08T19:09:58.439890,559529e721e3593dc099ff55cc6dabbf9b25bedb1d0d6a92bac568f3ba6e3bab
18702dae44d2e74302ffb5193427898a9ee2ede0ce036abb517132c8fa1edc57,PAN-Corpus,Source-source-document02969,2025-12-08T19:09:58.587170,fb8f54f39c5e280324634b889e8a69ae585a1ad977a1c29068ea2e2dd7e0884a
07afa43b118e29228da19312f275e0c486ab5519e880afa5ffb935d78a0538f9,PAN-Corpus,Source-source-document09088,2025-12-08T19:09:58.774465,03d047a4e75194987831c67980c0af8dd94a3338d37b837e8ab15fff4ddfd254
c19d0c8111cfab5989a16e78418276e8fb4b6758a522650d66de9efe5a26d203,PAN-Corpus,Source-source-document03403,2025-12-08T19:09:58.946234,7d13a805f65cfeffc5c049c773fe9306c82b685a7c0e3cd5837dfb99101ca35d
3ea579bf1a15da321ab4d2aef77bae4ad5fab2462a01c8e17fc47c98196632c6,PAN-Corpus,Source-source-document10309,2025-12-08T19:09:59.089879,bdf6652d7e4c1ecce4b5e841f88627a791586b3c73a436c109c968dc9991caea
53de742d5903ffd7884149f52602c5b66a079cec7d3fa20e12ed43a824f08f19,PAN-Corpus,Source-source-document08577,2025-12-08T19:09:59.254283,7bb2cf6ffa7e744a3c2b9aa8716f20d5103d4ed06ae205540e837be922f2bb01
d26c7ff0b718d5e2fc8c06d43388b86866a0c461b42c2f78ff11411f96387169,PAN-Corpus,Source-source-document03309,2025-12-08T19:09:59.487420,b965da42e65f11aa4f0d778180c6206a7b9e7715599e5a6d61808069163fa39e
a29aff1b790d758e576168a6e793039b746d7fbdacdc245b3294cee915b70869,PAN-Corpus,Source-source-document01352,2025-12-08T19:09:59.658926,1b5e90e40b4db42635ab11b4f537f3a273934883a8b1307232a86190822d13f6
8eac6eadbbd8a1982b333cd9caf86e98c116294fc6a40c57ddda335e87fd8393,PAN-Corpus,Source-source-document06118,2025-12-08T19:09:59.819737,fecf250b687e16578991c598e552de5384002cb251ed39cc8acf37150ec87885
a32e3ab2f05320d2d6aafd9b547ad5de89a10fc08b37a609a4651e27b851d50c,PAN-Corpus,Source-source-document01958,2025-12-08T19:09:59.956675,73cc3117ea2e4e1d40babf7611a237978a98f61fadeec5a3b4ff843feba24841
8b669f651a355ea94fa37c0e40ef1e6cf1b0dfed2f8f4d9222be463275c637b3,PAN-Corpus,Source-source-document06177,2025-12-08T19:10:00.131484,74b0b18fad8c69458cfff801663f7b7a3a616f5bc3d03d578a72a2dc8be07390
d8a9f061b9c03f9d54b9c3c5977dcb0cfe36aaacc831176e59fd82a3d63d7848,PAN-Corpus,Source-source-document01534,2025-12-08T19:10:00.358579,e1b4b2ef2d1e33d5b5459ad0eb1867d3d57c01b991886e5e7f9444760939c5d8
6111cd4a9be26ea1f9944603c0bc370c604b058476fe9165df8164bc25b135c3,PAN-Corpus,Source-source-document02236,2025-12-08T19:10:00.556646,6d08f7cf9fa6300cbcb9d59efa96e0fe64701815e98a9f6244727ae8cebda673
3f34f03e6e7d0089ab45d985fbefc8a50e377c61c0713efa6166bc9f5f1c93c2,PAN-Corpus,Source-source-document05170,2025-12-08T19:10:00.929708,f23712ebf55564fd2e38a3b046e43c8d81113418d36ce6983ba7484e84f849e8
5ba3d13775c3974be059b4dfe0e9dd439966bb3f70e31a007d05d24e78a3cad1,PAN-Corpus,Source-source-document10835,2025-12-08T19:10:01.200274,4b2f636624bacd55017eb9e31720d0927ffcba26f584c5c5cd0fda29f863fc33
77544e6a898beae6cb10514891988821789cf73e59e5579bf1867b576d0d5fd1,PAN-Corpus,Source-source-document08359,2025-12-08T19:10:01.618982,6579547023063fed7b7d79ddab3586a0b0b9f86fdf604ddd8fa808da632e1c43
8474cf9d9890907ace497bf6368006acf2f1d584705632bee5d399b689721d5d,PAN-Corpus,Source-source-document04274,2025-12-08T19:10:01.879737,53a1bc7038c0ecc6cbf9efc777e9d1b64ac6591d769ffc1d2cec128fe285249d
70ac21b274d0651ac90d3ae7d15ee7a81af83689ea0d95af5606099ed0c8b749,PAN-Corpus,Source-source-document10117,2025-12-08T19:10:02.157771,525d829de550112c2ff7b6f5002973e53a8d21d2cfe24ff5245b182e78e5d35d
7c977e8c6719f4ef5f945868caff37d120ef856a89c0bd9732a3141664022102,PAN-Corpus,Source-source-document03044,2025-12-08T19:10:02.442447,34a81a3dcc9a82ce2ef864f870668e6bc90cb80622dca64c29f1c9331861b845
e0df594a540b7f35d219507db189c8ca4dbb8604a023aafbc22650b6cd2dbfbb,PAN-Corpus,Source-source-document05545,2025-12-08T19:10:02.714237,8f9166e49af0a9c0c7378cfe15cf8a8ab8f6a4a462a1297ae77c7bc61bdc1320
a743db3a84ab216995eb282c4df1a6976ca6aff5eecdb43cf52a63a7874c4a7c,PAN-Corpus,Source-source-document09704,2025-12-08T19:10:02.938205,457607704b678560c18d18a338d2834bcce69bcd74b6bfdcc0b15b4fc828dac6
9aa0eeb8e80873b0acca76994437c97410fa1d8da966da4edabe84dc1370237b,PAN-Corpus,Source-source-document10504,2025-12-08T19:10:03.180517,f6018253a8d8715583f99a5ca63494a0578538d65474f71c3a4d09964e1623e0
659b8247c35d80158cbfcfdabe571e333b254567e0b34180a4274d170963ce9f,PAN-Corpus,Source-source-document02175,2025-12-08T19:10:03.357786,0aa77acaf3b86aed23039c281bc0d858bc5a31a5bc307614fe4a1b052d8464de
288ee76178870bb3bfc84794cfe5d3be8afce048d38f618c9bc0555150e19ec4,PAN-Corpus,Source-source-document06611,2025-12-08T19:10:03.585242,00c43e49c7d931233ea54d3161b692ae2807f388ce41e4a73d98ae4d67af3fca
9ca53b6a7feaac57b76af31403dc7c072c84141ebcc09665cb1fd799cf07f623,PAN-Corpus,Source-source-document00888,2025-12-08T19:10:03.784982,a431a6dab263d320f4538f9187be7f58d814336933de27aa9ee4b32e84574c7a
5bf2c610604db88d140d7f6ebe9c045b24a56f55c7f5d943f7792162b62b3cbb,PAN-Corpus,Source-source-document05086,2025-12-08T19:10:03.992964,3f6d75408b9014cb8bd8b3cc0c3a2abc39d4d3f8be4454b38f8227c380f09c88
5f8b6d29f4c8bdacd6ba74dcb08522e90b48c52fc5e7055c64d4709032d55583,PAN-Corpus,Source-source-document04879,2025-12-08T19:10:04.243917,db048d3aae868b7c41f048f9de53523a4d497f13bbb57aeb96b051c25a561b94
89f3e72a761bae700d97b4e5c34e60c58bd58dd37fc61e528f1bd2c861bf697e,PAN-Corpus,Source-source-document06160,2025-12-08T19:10:04.466637,acd3abcb52399e4481788c361ba62744dff1462ab969fb568f2ac25a8a96b536
0fd857daca11837a8889cd6a6703a36de936c613c273874f2c96324f9228c889,PAN-Corpus,Source-source-document03194,2025-12-08T19:10:04.762124,1a02d094e5cd4e94189b4ba61279c97061fdfb7c16457a0aa0a5412d9cdfcbf0
45a29f5b27612ae355a32b9b1109c25a4df6c30e2e22f92a20d38d9e6c2d6b47,PAN-Corpus,Source-source-document08838,2025-12-08T19:10:05.134659,5662b4ba8f5b1709e6fa013ddd4d9f9bf05cb556903b0166d2eaf403c7a5dc54
14fdeb47e137a3f235307bd270b77c42568c079d63c63abec479efe4993c06f7,PAN-Corpus,Source-source-document02966,2025-12-08T19:10:05.395943,97500d4c6c7cdad5d30c2dc66e00b682dc809a6a5afe647b20d817ba68d83655
04bd12849358f25bdbc882c6c0e2498bd13dfe391fc0fcd8da164c18eaec560a,PAN-Corpus,Source-source-document02681,2025-12-08T19:10:05.633012,ec5202327689f5a64e69bbc0d1f18684418b9e6fbab1189eb601131f1e7eab2c
db9c966a4f9c83db1093aff292b37a74b3d6124be70f96e1364039a3c6ca0401,PAN-Corpus,Source-source-document10665,2025-12-08T19:10:05.883477,bc0f76ce3769d90ed89cb56b6bd672f31251193b3c3f0d6921baafdaf93f19c1
6ee8d9a3858ce91cd4a6848f646abd98296f4e994c91a4fefcada26089b1a706,PAN-Corpus,Source-source-document10967,2025-12-08T19:10:06.104802,7cc469a4af7dd8b1dcb357e6eff9a1208191970080e68347d8519a3376fecd36
8dc8aeb15ddb2aa59f9c9360f67962df5bcad5303da20898333c5f790cdb38ed,PAN-Corpus,Source-source-document01465,2025-12-08T19:10:06.492975,92b6062f35ab798640de9e376f2261619ffaa773d496074966800a4469285aa8
a7ec18dac77e5a1ea6f2a65900ef39b94bb2a107691b583e08377481e69648de,PAN-Corpus,Source-source-document09350,2025-12-08T19:10:06.824248,114f46e4ab4fea7e007ed57f7de0653c8370e7190e39e456c668b053629f6c13
eb1d112e5818d82827836c12eb4eaf139b95dacbaabc9823c0c27844fe4e615d,PAN-Corpus,Source-source-document01385,2025-12-08T19:10:07.057690,6f07da6e5ec89880a7b7dd249690d00c0c0df77dcbf2ac07e54b9b522eefeedf
de56bdb74366de8f1c269cf12d7bd6b4974265734f505281b1d7b5a7af2ad0ef,PAN-Corpus,Source-source-document04079,2025-12-08T19:10:07.248879,a36265bf023fca87de4106fc91322df00921c281f36ca88ed2c4f5be48dd4f25
1b0573d649f52510abe14eec3bd5c0a6be4e874e746ff73a1a15f85a05d26eda,PAN-Corpus,Source-source-document05692,2025-12-08T19:10:07.570332,2e15e87c3cb9611e81ab5bf0d7da201efd9bb6603b9126c2a6577db0dfa9a160
36d4785a1e4bd677733ab9070415c050859a0720b1896472441079aab181f693,PAN-Corpus,Source-source-document07946,2025-12-08T19:10:07.815972,e4e0b046118a5b98199aa73d251d946f6d6c01919c174bf0c0bb4209f470213b
89fca2147a2dd6117e004d0cb4ae8d20e3ffbf48fbbd800224912a57dde7f0a6,PAN-Corpus,Source-source-document02238,2025-12-08T19:10:08.004243,0184fd34501055f1cb05e3e64774a7eedd696cc91db3b94e2c73dc0cce910cf2
da8989de6e02fc4bf4b3c54d00bc11e8374c4f03e54704adb6cf6f6bbf341e46,PAN-Corpus,Source-source-document08962,2025-12-08T19:10:08.227351,b9b071e49cc730c7ce5cb3d4237fe797e52d223b5951e957730a2a8e2cb58b9c
58184a40813e7cae0d87708a2faa4a3bd412aa70305fd70c47fb04d40ca31e5f,PAN-Corpus,Source-source-document01617,2025-12-08T19:10:08.488697,29e68661e53895c33d3a416ebd7d1a11d404a980805cb7437e8a9d742009a197
a1b38ef5d31a8b84a073749f7cfbcd1fe804f7d5eedc012fcd9d797bb043951f,PAN-Corpus,Source-source-document00994,2025-12-08T19:10:08.743479,2a608f42332be878b54b3f9c1716fdfc9ca05d793ba70088efae83df3dba834e
71ce302a2dce59e209ea934bf2e31876f62f7397b8bbb9f5156815f0c3934649,PAN-Corpus,Source-source-document06567,2025-12-08T19:10:08.946129,1a06fd657192fbaf41633a7f5a48ec4a5b7ae1db2fe659370bb5d71af3b536c7
c383962bf78e448d0b5e6376cbb19d24ab83faadb2e5ccde7fbc7031ecf6f6de,PAN-Corpus,Source-source-document10554,2025-12-08T19:10:09.226472,34f223af3816102fb6286face51d6650bc7e7060066a4f9bf2ec648e3d9d0f1d
c85d36bc61c1f775db62e2978c52502653be318aff00481ba66ee79951ac8bc4,PAN-Corpus,Source-source-document04060,2025-12-08T19:10:09.423774,52059978da91ea0e08cde58cfb3c664ea14d553dfb780fd4c689f57078771af6
5f3dca135a36c5db545fa1936bc4333801fdd9155b0b605f402b7c12107cbaf6,PAN-Corpus,Source-source-document09278,2025-12-08T19:10:09.850118,c5fc8bb72a179d8b6c075f5791a11008e15a2e2ae2825768d599ce5e2584fea7
50da36d4f724966b3fad5b0bd74c4b75828298323f43f20f3b8981a98af3553c,PAN-Corpus,Source-source-document03533,2025-12-08T19:10:10.085415,69b1d08dbbfafc7484fae5b927736a3392ada5ac04fea7f570ebd819fd5dbaf0
894d102f1156e5302d9e4ca751734b28080198a41c93ab0905ca4222a9ebf3e1,PAN-Corpus,Source-source-document09960,2025-12-08T19:10:10.340890,0f533d28d04407e001ad64591d6a667e9c493584f4458b28312614fe543d6ac0
7c9e946da156f5dba6517425eca5980cb24ec73900f1ec4a15cc46c7cd9d3f1f,PAN-Corpus,Source-source-document09001,2025-12-08T19:10:10.655183,dbe1e15ddeca9a3f410cdf1c783ba8d3660a27784b9821b446056a955c5c4956
d4d8871523ecbf8fea87fd9811258b5915c3088604a03bb4f8cc781e5030a940,PAN-Corpus,Source-source-document00722,2025-12-08T19:10:10.898706,c6ca744a333fb391af8ade55cb125a36826c42e61c39f44ebcdb650dca407b16
a3e8231baa550ff3ea930c545b1370c816c5d7f8bde47cb18088599f275fa847,PAN-Corpus,Source-source-document05423,2025-12-08T19:10:11.171123,9489019cda7d259bae55a18a940641e2be82789301214b5a62b8772f942fedb1
3580f99da049424d105989613dc503f7688deea4381a723cdce7e69f352003ba,PAN-Corpus,Source-source-document01160,2025-12-08T19:10:11.683448,0df711c07c26ef7d6db2edc86958a05a58a8bfb581afa7ab8afb0a6c9bb9bea1
72a7410b60c30fe64f2b56427f4059089aac1e1329fd22492741b7fbed1ab055,PAN-Corpus,Source-source-document04969,2025-12-08T19:10:11.951624,dd06a25aadb4402c27cdcce1c00ca87fd9c0d045356510e5953faab8c9d44acb
40e38b575e82dc0979f700fd6b3918359c67c14a49764b7864674185a5c46e69,PAN-Corpus,Source-source-document03036,2025-12-08T19:10:12.194282,d74b27c43893b3362abd6ec40ae2744022daee281b37c68776fedaa989206c52
7648764d40da5c053c6ebc9df0f4dffc66239459f2e5e27604c203e885d0f3db,PAN-Corpus,Source-source-document01995,2025-12-08T19:10:12.449184,d85bb7444f6bf25816c84529355b5b473f0c40fded8b1b6a931eee0ea3ff8b26
a0765292962ed8ba473c6e6f56403ee25a919d7718cd2f4e6957cc88b5149c4d,PAN-Corpus,Source-source-document09725,2025-12-08T19:10:12.759005,24879bf78305d63deb7cee0401569e25193d75220ddd7d8d0a4a7b8252bf9247
b8fc8406beacabce0547e7e852f6ab6c8e5379bfd78baf8205966a18e6220365,PAN-Corpus,Source-source-document04099,2025-12-08T19:10:13.233811,10ec6065b7f52297732fe0074483d25650e9ad1eae3012eb7ae8edb75f730cfc
c7eeeb89b06d42622af5fdc564b532904f989fd898cfdd5e61ad68ef6b39d11c,PAN-Corpus,Source-source-document01070,2025-12-08T19:10:13.549731,040603313e825eee126b560deae66e108efc2cc255c99db0395fe0ee55b956f6
132016b79d43a42e2b19caa3a253ffb9a16d8b6d4c273d50d99250ad8f97779d,PAN-Corpus,Source-source-document08986,2025-12-08T19:21:12.072846,c7e413b6732caa800ba71b49cb6388f09198c2aeedafa2623453f4b83d7925b4
a8e7183d418fefc95dbb3e13d5f410a7c51bd5e2f5ba4f2625cec5208456eb42,PAN-Corpus,Source-source-document09850,2025-12-08T19:21:12.491476,2b45b3025de0be7361e3e0b4d76e982050735bfa775799506cac83b25cc2e2c4
d5c9b5b236ffdf79c9e9b9c456d38d661aa6b8697dc635bdf48563a6578c9e8b,PAN-Corpus,Source-source-document01625,2025-12-08T19:21:12.746945,2f1ea4eb9df1b0d0475134ef5f319e4a2c8e496d16b3b22b0054bec74c1111da
d704043eba9f76602944ddcba2b38a4a9b8ea52ff99138faf96c096872dcf684,PAN-Corpus,Source-source-document10667,2025-12-08T19:21:13.023175,528762d36f4dbac5632c6da7f414d094ab3274537c3d601023f9a3be0454bbf8
3e48fcb0d648d1766237e9523555e96b80d274744a0da9a4af5edc04753eff83,PAN-Corpus,Source-source-document06251,2025-12-08T19:21:13.281665,35eedb562cb7175681725ce187b3c834ba6a6410c5fb9afefce27d1bc067fa61
7d93648df5aa44cc26e39859f6c38b81e077829cb9cb288d3781dd3f7b42b403,PAN-Corpus,Source-source-document11020,2025-12-08T19:21:13.603068,39247d9151c66b66b72ba2b1c8c0a20ccefd09b71c46cab93af634d80ae2f8f0
aa228518fbf641c41f29c98849b80ef16ea44aae544965c5c188ee52dc4d3d20,PAN-Corpus,Source-source-document08149,2025-12-08T19:21:13.847517,61f774697a8ade22225bda35ed3017be6be43d85ec0467efc2a78d6250814dcb
918b952708b198028140df417d9b77b4d338ad5dbf7ddb165db37c7bd64c67a6,PAN-Corpus,Source-source-document07843,2025-12-08T19:21:14.080700,98c5bb52bef874e9d07dd03cc790359e9e6ce9a40e441662c904593b4e4eecfb
152e62c668cf13d8828fcee98e144ec8453e8f0a6d07ac9b0ad1b703759dab19,PAN-Corpus,Source-source-document01732,2025-12-08T19:21:14.323787,ea78ec66a481d3657c0930d6db261e79a6c9f86b81c107634f460402d385f3e8
a8333c39208fc02eccc36126d9ba5a7ee81561b5688803fbe4b8e7b80cdc7162,PAN-Corpus,Source-source-document10117,2025-12-08T19:21:14.558700,ce6d769f749c8619ed0a83b9401afbe2789048a93c69be510c40405a7176e504
115b9e2cfe993c7f55c29901869b6cdce59f33a16cbe79365c6b0a757867e4cd,PAN-Corpus,Source-source-document05274,2025-12-08T19:21:14.833582,67752e4321f16f52cc00f958a37c96b271484dae7e3a154df3ade77b20ae6a91
3bd9a02dec9990a684dea859594ddbd9c68cbb708b7d223028f3f56a2983cc3e,PAN-Corpus,Source-source-document09905,2025-12-08T19:21:15.126996,a9a139dd6f77904873355fd5951c6b977ca59edf95f3bca8aef2cf09ed42ad51
83bbe4b0ddb55de8e854e48540ee2d46cf2e6ec53f5799b714bc4ef663fe3fda,PAN-Corpus,Source-source-document02235,2025-12-08T19:21:15.335487,b4d1eb90b2aec8dac987f3aca4aa639babeeb86565c6c981c9f6eb13aec40c21
fd8d989a260dc9daead2338a5310c9c66c708f5cbc4f9e2f214c319a68a1d89a,PAN-Corpus,Source-source-document10850,2025-12-08T19:21:15.552174,4f66368d0b98f316f461122064fff36ebce8a6611ec06a931116aec47ca5483a
8121380e0b9fa6385318ca8d11f1a423c61ac60cfd95179f977f89dac16458da,PAN-Corpus,Source-source-document08448,2025-12-08T19:21:15.765684,91fec861aa2cc6f9b928fde375f5cf7496a653224242b8ee088e404211bfdc63
b2fa1a2477a889c6465c84a2ea460f5aac3cf571b8caa0f3ab6cb53e9a96e4d9,PAN-Corpus,Source-source-document09386,2025-12-08T19:21:16.003348,6889fc2c481f3b7631b7db2c986f92f47edcb504dc70a60ae54a9b4a57cc3ecb
a5b0dd24a85a38a7bf266099a96f516f0519ec4f062b9eb42d772ae1f5653fb3,PAN-Corpus,Source-source-document06025,2025-12-08T19:21:16.390722,5a9c4e9f302da568ee43d58bc18fee9adb6450a36b2d5bdc6c54ec3ec1da3c5d
ed797e209af41232c54b4a061f2e277203969c639d6c892cdb7771a2dafc4151,PAN-Corpus,Source-source-document10279,2025-12-08T19:21:16.580457,23f0af3cbe59533ee758965df60c44d7fdd0a40bc8a0141ecd6fed0d0331d48a
93adf24f747b5387522e0562782378b7a3c6e6568a8323ae292465265e945e78,PAN-Corpus,Source-source-document01863,2025-12-08T19:21:16.824266,a7bd323a47002c7eede348f2ff2d31bb008aeadf605595c1267a2329ce12f0bd
ac959413b53a0acef4bf7734de31db6ba0c63f98277633c410777bfe1da82d52,PAN-Corpus,Source-source-document00884,2025-12-08T19:21:17.090075,7b47f5e68fa33f0632ab2d89eaae0b543f5aba048a155baa05ad3f1c7df0713a
d288664877469eb324409b3eee844a966681687e9ecc7a5cec7c59fd5e29f812,PAN-Corpus,Source-source-document00812,2025-12-08T19:21:17.333252,39fba9004613a135555905074929cfe45d5b5686ac62b3ee0fa089810d21f08b
2a9b64bd2b3d71285ab499df9e91baf45d7b2cb52b92ccb401b5b493c8f759f1,PAN-Corpus,Source-source-document05042,2025-12-08T19:21:17.587623,46b750ff9983804afacc3bf2cb728b7a21c25bfaa77bdbe86d301b951becfec0
39609192d35f15e0d271be315a4a9e89d664acd97932ed0db75a5e931359da72,PAN-Corpus,Source-source-document01218,2025-12-08T19:21:17.966305,795d97929d1baf0bee6ac3abc7aa7ee228192aac5054c4a39a1e1944a911d54e
5f3b1396a5652cc49c1133f937d8420297861ee3a59b26ac6a056427782621ff,PAN-Corpus,Source-source-document08138,2025-12-08T19:21:18.242695,3284cf3d8ae67dbfa93ea882c83649ef519a2256f4d1534050b711783abfe4fc
b0444aff6300d941092b15d126238672d9d82f89b8668d3864c89fb68b6d26a9,PAN-Corpus,Source-source-document03171,2025-12-08T19:21:18.490739,714821c580798480690b59c84bc6ef284f27b399429482373a6f2178b8d74a26
8e179229bff1a41fb8a18f1cc972c610313528b9388d4e8d6a1c699b4a21821b,PAN-Corpus,Source-source-document05941,2025-12-08T19:21:18.737213,0d87095bebd538913a01d8f800e8449d483344128e3b6ddfc52a00ac0814f714
f98f8fd2a0eba0811a6a28c5a898b079d9845d7a65003764ca06afbef92c13ff,PAN-Corpus,Source-source-document02934,2025-12-08T19:21:18.990376,30f0a9e3cc09431d079a1f08d3e6e7075186f9cddcfd1a9e10dc3c49b1638109
c4b387ea409d4fbfd3cf343bb3069daae3e247c9ee7b10011dfe28dd554070d1,PAN-Corpus,Source-source-document00939,2025-12-08T19:21:19.269048,1eb117ada98a96f2b6b646d5356a1d4d3ea8d80d83a601978c8518a9b3a8e66f
d7f01379bc3c8e49f0f1040d74dbba56444d03da37974855fba75be99469ef99,PAN-Corpus,Source-source-document04412,2025-12-08T19:21:19.490242,b19bd6854e5fc7652797c2218039fed57510a6745d8d51f8ffd278626be9d17b
1a95d695a72df7665fcd5a7268416c8407983829a62216a95b02b4999676b707,PAN-Corpus,Source-source-document07682,2025-12-08T19:21:19.711989,88f0914656005e33d2e77004a8899feae330a0b0d3c73a4de2d32aa95d72846b
a19d8a53a06bc56384135cd7cc8843f3363073ee03255f7579d36203f5aec5d0,PAN-Corpus,Source-source-document07971,2025-12-08T19:21:19.965826,3bd1b69466ef6cd45ceb0accd85012df58f4a5a80fc4d172c80d8142d88d094a
fae3292c80145881f6a2309461715668e7679d4211182b21c5b2631de905f0b3,PAN-Corpus,Source-source-document06521,2025-12-08T19:21:20.215493,d3c56b1880a16f159649e0ddc6fc0ea1837978966430506deec2a1fb37b763e4
df456b75bc69c564f8ab65e9823dfb50c4a38dc221a9afc045f8d86f6d7a7d9f,PAN-Corpus,Source-source-document05204,2025-12-08T19:21:20.457600,e4a4eecdff57a238bf11b187b790ecf217491dc140c7006d1dfc7dec34ad9294
511c2ce06b647586a26be910c645a4d364814bfd3895a5933cf9f1d2e0d9c47f,PAN-Corpus,Source-source-document02671,2025-12-08T19:21:20.717793,54688003fbab462a6d239de68e5fa08ea011095b67731fc068c75a4286132530
f70595d0b1b9c3690d000ab066e6a4a68995467dda9742bfd1907c9099309ef2,PAN-Corpus,Source-source-document01702,2025-12-08T19:21:20.964822,bdf1f9af67218bed1e7145f655d57064d6842ee5d3eb2083df278d1389fcae60
d5a7e41d824650b7928e9ffc7a597cbcd79bf9ae0baa17080afd2b5896a9784c,PAN-Corpus,Source-source-document03969,2025-12-08T19:21:21.297324,12fab69b4e65dd75c3c378a2f90100d57ac6dd62e6bd496b1da08266ed8b9355
6feec562b96e219df8e3a9e94278d1e0818f020f7ffc107babdfc3b5649c174a,PAN-Corpus,Source-source-document03548,2025-12-08T19:21:21.591849,23cabb38d92cdb38cbd9d749dac35ea83bbd74e6c500b16183ef926d968d293d
6bc0ce5795bc57d687140926b6cc8bc8e4f1802a6bef93873246952d7cba7e12,PAN-Corpus,Source-source-document08281,2025-12-08T19:21:21.884196,9f12c5303567b788e20cd0db4da1d6579eaf497f265c5301938f98a34a91d920
d26295a09ff224c0d6556c82ed220ddbcf244aed0e8170da4c3491f8004c3661,PAN-Corpus,Source-source-document04065,2025-12-08T19:21:22.142278,981f0a36d9d426560fb732b405edeac00261b6350da209f12a7c4f6f63cea8fd
76444d243f05e994d5fab38c4cb74fb4d6ccc62d0412a603f63eb5ac9d48fa3f,PAN-Corpus,Source-source-document09480,2025-12-08T19:21:22.370812,485a986942944a1288c870684d493b6da3004255eee25a16e19e9324eb05b5d4
3e58771b971c59cf37af593cc4874ebb0dc1a1b304af17bf439c01932597c3a8,PAN-Corpus,Source-source-document06685,2025-12-08T19:21:22.692051,ea8867ce6685f277a17dd77674df83e9774d3d57a84eb5a89ed99d337427c19a
e03ea34cf4b3e13fe2db13375a78bc8ba9150c79f8cbc33eb697bb13aadf5525,PAN-Corpus,Source-source-document04355,2025-12-08T19:21:23.026083,65a664cf0dfeb6602a9adb245b4f4c24671b87375e48182873732a12181ac95c
b8724fccee0908c5f52e2b5f6f7acd8921e79c546b6208233ee7e1afed81d4e9,PAN-Corpus,Source-source-document10805,2025-12-08T19:21:23.375129,88b2c156c902281a6139c21ca539d7dd916450df0f15fd1b8db7f986afa7b2a4
171063e409a1d2c244300b4de1ff059d27c8590e9db7070895efa0b22428fa65,PAN-Corpus,Source-source-document06069,2025-12-08T19:21:23.690504,ef0a10f58afdcb93c98aba109ea3dedf295c678d3f25f4e6f00cdfe8e9739072
ef91bdf5cc6a7b7360ff7f62e7f26a451241306c008fd5343285edc15501dc5d,PAN-Corpus,Source-source-document08717,2025-12-08T19:21:24.048242,09b1a557b00131bb9f8f18687a2b8148a3c3d5347b221e80d8806cab5727d347
83059dbd3feab27ca2ec20da03342b22b74ee0093de8963841ae241847364613,PAN-Corpus,Source-source-document04675,2025-12-08T19:21:24.366676,ffa9dadcefa608c348d1e72e10f0fd4e9b6c0d484dff8389ef612659a0c7945a
bfd049b6afa459cbf860e786a9661051ead1df970888c41bd3131d74eb170aa6,PAN-Corpus,Source-source-document03030,2025-12-08T19:21:24.641831,460c4a737946264b8e8719e99beb2dc8e9474326b285a9bc620ba16a5b66ca48
40161277a14f406ee7c85bc93e4e2f929cf6ac3c941e5cc9667b4d342d417dc2,PAN-Corpus,Source-source-document01296,2025-12-08T19:21:24.932323,39a4028faf1df7ea8695be83ec532613fd9f02b5bb8a534e97966cf266302d4c
84141c9a7ee763fb10528a9d7f9e3770d7cec8f9f2949b8ea2e320ab73415e2d,PAN-Corpus,Source-source-document05349,2025-12-08T19:21:25.209642,4aee85d3ff884e7f53d3761feda3914851a83e14171bbbf0ca7d7f9735abcb58
93b418fe51b704c81a5095b1441e19c052289bbf07cc060046382664a199b8a2,PAN-Corpus,Source-source-document01534,2025-12-08T19:21:25.467757,ae5505b743af85d5048855dedb1d1992c567b92473801b787cc1f99004d08cf3
70c4d9013e4b9e7b1db414915a0b02e1d99d046bc7c6882768c1eda4a6fd77f0,PAN-Corpus,Source-source-document05164,2025-12-08T19:21:25.772951,e55c2b767b68cd35bd89562543b7c0e67a44342f76ab28f7ef6fb80ceb9492b3
fbb37cb02aa04bffabf2e6a9d8686e179548612ea2c34041b1864178cfbec722,PAN-Corpus,Source-source-document09822,2025-12-08T19:21:26.055128,fb96319d0f3cfdaafdf9f4091580228f5abd5c37ddaaed7f5a6a206f00b97d72
203de2887df59d057a7ce6f4ecd75a50a9ca8c3f7d52c0804b9d30ecca711a92,PAN-Corpus,Source-source-document05092,2025-12-08T19:21:26.481190,5a593c42f0044044b186b52a64409158eeecada1bf4c6212337e2e26539593ca
bcc2136361fc171120c6dd9983aa7be65fb10c7ffb4ef2e8dae061667cf4f197,PAN-Corpus,Source-source-document02274,2025-12-08T19:21:26.882263,f90a3bc4f64e42e87f86c369e15e315b4168d9227e980b79526a6cf5aa8cd750
2578d8886b94c256cd600afcfd3194b72737ec845694959c6e7ed27f9e542cb8,PAN-Corpus,Source-source-document02017,2025-12-08T19:21:27.158970,53391107afdfa25db30b3a10ddde681046931272be7cc19241f203cabd15c45f
54562ff3ae11d38b386e7119f1c05530e83f7ab433a5a62ce6cec02956601930,PAN-Corpus,Source-source-document06921,2025-12-08T19:21:27.476097,64e412009fb808ebb5e56a019512e9479149694aa625b6f274cddab3a5572617
f069ee7b70679e12baed6c56f2357a95ea1bd6350a742407737292a7a2796db1,PAN-Corpus,Source-source-document07522,2025-12-08T19:21:27.769800,09c3a48f5bf388272d9531447d3de4f59ed9d603cf4aa7aedb139117910d2198
75ce0267a2662285dfcdde18ae04eb37e9a0f4664ddccb07b8a3eb116e0bd11f,PAN-Corpus,Source-source-document08559,2025-12-08T19:21:28.037033,3bb045fd261c61a10075b3900348f068b4ead49b9a2d4e29ff1052d4d4fc3acd
27f988007ab37ca8f45a5da647a3ec39c6290d651dbac31f17fe84f92d8945a0,PAN-Corpus,Source-source-document00795,2025-12-08T19:21:28.438179,ed97c7cf4f11630178ddeca97b11c8de6fddab04fe5d7c768407753b97fd2124
5e977eca4c5ee7c6b7db294a76311cd706d92ed024945dbe1f267a07fc6fe91a,PAN-Corpus,Source-source-document01977,2025-12-08T19:21:28.763546,012ee03e6890f936d19af9a0989ddffd51d3a5127e14e791b9a3941bbd183686
39e128ce047ab8a6e1f5a4eff8c30f6cde929138802cb3b52c73d9b25f0e25d3,PAN-Corpus,Source-source-document08164,2025-12-08T19:21:29.151933,521019a7ac7c6bdcf071a83f9ebf5c9f2cde7216d8697777a765e220fef3010c
7944b5c3e3b277940f1a0d8f00b514852b0be7340496d7de31dee435c9c8be6d,PAN-Corpus,Source-source-document01592,2025-12-08T19:21:29.667413,6bc1da91e6e0941b86c7f942178f7529657872e8ba0384b9299c5e1b6949d46f
973df1f1cb3fe05b99cee933ec2309af5970c6a9bbf0c786ea40045973ffc9c8,PAN-Corpus,Source-source-document05777,2025-12-08T19:21:30.065555,822aa39a46f571a8c5a46fd7144d266faf3a1a7ed622e4ad1334a221b5aeb2a9
d628034314b0e9828775105fa458118384f65b30b29535c7c950fc8738fe1b78,PAN-Corpus,Source-source-document06047,2025-12-08T19:21:30.430889,5b21e9ffe544aea2a503fabfbc38feeff67579c12785e72a6b2c69a23f82942d
e0043a1d0f1214abc1f5378e9aa649486ae0c4048592a9be244fd373b85ad624,PAN-Corpus,Source-source-document10913,2025-12-08T19:21:30.792681,da21456d97563437a6ea4178455e6af932fbc8d66c9ab82ed30524e858c736bc
f5e14bd17f0de208c357a4bb3e0142cbb40d6f9502302a94fac7783cac02508e,PAN-Corpus,Source-source-document00617,2025-12-08T19:21:31.102373,e6d40f4f9f36b3695f142a1147b96e8f599e9a16ff00799e30e0563393b684c9
da6d1cf056d77d92507eaf745f279a51890cf9ca3b444f0a96332e484c259cd5,PAN-Corpus,Source-source-document09707,2025-12-08T19:21:31.391134,284aaa846ceceadcad615815558464344658ade7122ced4a8567c412dffea034
3c23cfd31b0412c5ea23b5e515258f31c1be818bf5e02c956d13aecfb1e4c174,PAN-Corpus,Source-source-document10208,2025-12-08T19:21:31.711339,35a0a224941a478304f1071d5b12c8a42985088679bda5c72221cdcd7675e6cf
e47190bb57ddbe94e61d73ceb3be7bcaa7169748f7757070e374853d041bd41a,PAN-Corpus,Source-source-document10719,2025-12-08T19:21:32.027873,79b68a634465abbacdaac81a989a0aa8bbfb7e32752d2354bcbe5a35ca457207
8f41ac60c5b66dcb462b43aba2866986750bafee826823c84e037241584f0bed,PAN-Corpus,Source-source-document01276,2025-12-08T19:21:32.325470,f7048e7171447e6e60dd74ad2ca6af3c8c7a5f583cd71debb005a65ec189e2d3
653f9938e5bf431cce36559796fcdf80844fcf07de79a6d1712c15eb673fa621,PAN-Corpus,Source-source-document03609,2025-12-08T19:21:32.732975,d7703e81a6a884ec36ff4795be93bca67b14c2d5f17886bce08ba80b35004a0e
57c5164acdac911745f048557b81bbdf9305f9787114d4243bfe5030aa87a053,PAN-Corpus,Source-source-document01277,2025-12-08T19:21:32.999854,62ad68d84bce62c40bde2fa1f81f8e476f341f55cec3de803e9d7c9ac5aa9f04
ef634d57f1ccb19280e4de3696dbc44a13668c023c240f9fea4f1d6653a12198,PAN-Corpus,Source-source-document09483,2025-12-08T19:21:33.263384,78d7f6deead65a7fbb73a1f47f4246bb4e35d915076a1956f98ecb20cf3342f1
02e1225e697fcd647ea2f13135349e7d6d6a37d4893019c6cfaf8d22c9b918e1,PAN-Corpus,Source-source-document10886,2025-12-08T19:21:33.516390,cecc7f2baefedfaf6575ae7dba933954b2df2d174812a0a255c0dbdae026a3d6
e278c4fc9f81d106cd8ce6f519cef0cf0ba8b3cf22ede6454cadc76acb943e28,PAN-Corpus,Source-source-document02966,2025-12-08T19:21:33.780774,cce7f04850617bb9fa93c9d37924e7ae2c26ef5cec96916610e2975132ad1c31
bb2781a7a8556bed3370e4fc230968992723aaf759cf6543b52b1a6c77b51e31,PAN-Corpus,Source-source-document10513,2025-12-08T19:21:34.064680,6a114f8fd18400961cef043c4407a014e09be7fdd43f910f4b0e3920106702c0
9eb855665d96abf669112a43aab31c0f6d3db3e69bf99d569fa4927b4fc7ac4e,PAN-Corpus,Source-source-document05354,2025-12-08T19:21:34.353258,f4ffb987b8c47e79c502f6a81aef79526f1ef170727bfd123d6ec5b4a9a5067e
ae00e55b3c50d474a19eb854464d5505498677eb04286be8aeb2f2333f269e15,PAN-Corpus,Source-source-document09007,2025-12-08T19:21:34.600079,6b71e511feefa684f3efa2a6502ab8d8c5bcdcbe9b1562c6f5e1c89e39338d94
09f0341e0595bbd4d84436f4eef0a7c1fdf5bbeda9667f2c1dcf9eeb7e213deb,PAN-Corpus,Source-source-document08515,2025-12-08T19:21:34.932113,90e4fb990e5cd0149111e6f7ace1d3410aab05bd02dce9cd99e88065d38a1e93
27642a6c76e7b47b01a831680b805ddfc02bac3e4a03436f43e0dd05241cbccd,PAN-Corpus,Source-source-document09713,2025-12-08T19:21:35.252469,7bb82366ca01d73fdfea3393d2dc3391e48aa26c3701b643316bda305a6cc958
39ac82b17ecc8401b5504b753ae1b14ad88ca33c50b833f76809619d8e10a1bd,PAN-Corpus,Source-source-document10907,2025-12-08T19:21:35.512160,3e4bfaa339a239fbdbfb5d45ef3ca522b1de86a35839f6bc2391db4eebe5205b
7bbc05fa77d484b04d8726963be9892fe8d1adbbd1701051cad1cfcd68b5521a,PAN-Corpus,Source-source-document01450,2025-12-08T19:21:35.773274,4d96850c1260fc8eb224803d7364bc19f9a84679b39c913369141420b5882a80
71eea51516b9ad41432629669f5da65c47772709ae58b4f0843047a16f3042ad,PAN-Corpus,Source-source-document08418,2025-12-08T19:21:36.106241,2cc2955b9b386166d7c29ba60ed47a848677327fe5b016db960bd9de0e208271
ee2c6363ddb5a232737d8ec36b2d002c72dfc4668aaabc9dccdc8d1d39de340a,PAN-Corpus,Source-source-document05462,2025-12-08T19:21:36.432926,e7ace9da5cec2569e5bff4cf1fa42481fd3c2383d1149ecfad9a779144464ddf
7165fbc57f194ba4472faf22317a4aa2b2ae701b814a1d895691129baeb347cd,PAN-Corpus,Source-source-document08425,2025-12-08T19:21:36.747408,00d469c28c67c42f817dfb7d16b43362353bff853e821cea3afe094c0d654e11
690d188b8b4268aef96b1c2df99853fbda978e405099dbd6087b0232e236741a,PAN-Corpus,Source-source-document03648,2025-12-08T19:21:37.051248,63756606394b5bc226d9f0f1d2fac39558d964abceae3db9032f781978f18859
657a6830e3335a4290ad156712a1d3310dd3109a6cc6d22e00248975f406c05e,PAN-Corpus,Source-source-document02678,2025-12-08T19:21:37.335038,1d065adffb95ee0e84ca338791239ec9142567f5bd1538ded5d7b4316908dcab
5ad79f5aec6cee27541e5d98c7169cfd2f186c8114698c8cbb0949ffe821b9ab,PAN-Corpus,Source-source-document10077,2025-12-08T19:21:37.716210,3da95ce84a56a373e6259fe64a4b61104457e7151832e704c602f0abf2b851e0
80360dae596b4a65282c49d9e965fd0d6ba5a1ff102082b502fa31580841dd15,PAN-Corpus,Source-source-document06029,2025-12-08T19:21:38.035711,fe929c3f751074dc9a571b60a6f781ad4e7a8e3b7067e624b5a9e772a07db722
05fe1febd06ce6387d696b688df6a243c1a8e5d210ee70400f7088ab4eaef1dc,PAN-Corpus,Source-source-document08475,2025-12-08T19:21:38.331818,396d8fdfb16c58349a7e93e5563ef569e150cff0603368122fe02f7416f2a34a
69e0eadeb571b70a8d2761f280c7c5c18c8e35d7fd99eeb4ec66064d68bf4b3d,PAN-Corpus,Source-source-document06973,2025-12-08T19:21:38.625363,55a637ff0ecf5db450443c8188bd3c649170489a663a9e9fc1abe2cd43868083
45fb4ce2c82c9bf418770e3debfc7bfed40622c81ca6071039b31b724331c85e,PAN-Corpus,Source-source-document10569,2025-12-08T19:21:38.900793,232b90c9a0f0df25eaf13beabfb65394a46f96affd3e44034dfeca6a997742f7
47d926c5981acb680d4444f399cc33b56bba0dce62ecbd04b1c5f27dc8227f4c,PAN-Corpus,Source-source-document03601,2025-12-08T19:21:39.179765,6b114149904e15e162297b55d2f42e41f75e10de2d69c59d4d0d3266838acd88
39a36ba392a672b87b0b3b2b6f1d14b146c1fc3ac79ff187ca5e69c8807c313a,PAN-Corpus,Source-source-document02163,2025-12-08T19:21:39.484061,48ac118ca9ea85c8aafe58122e9ff8cbbe626a090f345b030a57bfa8b2b2e482
49ffef8004eb4fec65279794bfb375aacc316511a9af133b76a7932c3927b7cd,PAN-Corpus,Source-source-document10252,2025-12-08T19:21:39.754688,67a978887580ef995ddb22645ef89a9435572d58998d7c71ce17d5c0083210bd
4d27ae6a237e8a6f4869e4cc5e015a4984b2fae11afc0ec7e1cd1f02f1a4ce44,PAN-Corpus,Source-source-document09227,2025-12-08T19:21:40.049849,a3017f2cf27ec385ba684e5a1a9285d94b66b05ca4748c97c4432d4b255427bd
91ecdf84017cb098d8faecc71f94b460971f47bb318be8f8cc310af389f0b05f,PAN-Corpus,Source-source-document09319,2025-12-08T19:21:40.347835,2b09994b0bf28c67fbb8fd46a1715c366fb03a9c284b422cb1260968c81dd739
6b1b098b4b74792f60e82cf21662e5f704b6235fc8f350feef910ab9e083b86e,PAN-Corpus,Source-source-document08356,2025-12-08T19:21:40.697791,42323688ab8ce742e15824b03370ede83778aaaadb9e4d547d288460752aebfe
30ae6785f114ce940dfb07c942d533788ccaff7524bd6d83d7de8ce0059866cc,PAN-Corpus,Source-source-document08649,2025-12-08T19:21:41.030635,7e4788259eb6c79a77a7ba5f847f53cbb0b71cdf874f0b667e26180434b6cca0
f3579a1d1ef18d2c10c3daedf79521ee981f170c52176b54707fdd7559e0db84,PAN-Corpus,Source-source-document00591,2025-12-08T19:21:41.290740,b1de78c3a278d78122bee306a17542df7b5a040f8ac2cb1bc5f1f02a95f9a9b6
1f5191cd60464f7f3b9bc8632823c99ff8ad2f7f01e3d84119653a0aa0a63c4d,PAN-Corpus,Source-source-document09462,2025-12-08T19:21:41.557087,a59427f09aaa2070d5620c42c5601e5df3d919eaed355677491a559ee9e43e51
8d3cdaa94251c03deb0df95947f246d9b862b5b9cbd87c8247554825a69b8acf,PAN-Corpus,Source-source-document05846,2025-12-08T19:21:41.867724,27a7f6758c2b4cde3a186c820ff29e3b7c1dbbd91dce488bee27ec3a58c65ebf
9fa93e4c9cbf1a96e00262af9db52f020a6ee737a9250fc4059a9d87cc0ad0a6,PAN-Corpus,Source-source-document01451,2025-12-08T19:21:42.167363,814f0b3122fa6b1343a1fde1790349581eec5f19c60afef597b39a9434a09cb5
91cfc16f898a0d2da983e47113d568acac4a09c5d41718e5bdc34e73b93b2ab5,PAN-Corpus,Source-source-document07827,2025-12-08T19:21:42.615310,52c652f2ed09217c1a638951561742a1ac01ab99c6dfa6087f4439a4519840fa
42ac59e4813739aa123a9a58a3071ce2e12d806bb8d37b4e827e170fdd714b8e,PAN-Corpus,Source-source-document05996,2025-12-08T19:21:42.911480,3f5de429b178e6cdae24a6a5a000d741b66e3e3cc4d322ed4cc9f768b5ee8378
4b1e09ac77372e303f1820a3c00cf55906648480c9e1b8e191e6f281bfb9dc42,PAN-Corpus,Source-source-document09543,2025-12-08T19:21:43.200121,518b02cdd21d6e7068b162ad244f6909eab150fac15d061aeec66a4cbc890756
eab6e51610bf9407f7a47a04fa8a42db84495e7a720c4835570b15a6f3dc9fdd,PAN-Corpus,Source-source-document09350,2025-12-08T19:21:43.624528,b8f5b838ce37768c14f7935282724013def822fcc21e39c3e71030fb16f3956b
c877ff6f41f76dc37615c22b2ddc0d20a01eef110dd0218ff66f0318ad9ba649,PAN-Corpus,Source-source-document06093,2025-12-08T19:21:43.975173,d422c91b04defc9e1c08bb0bf086221f832c5af572a363edaa26dbd81350c08c
c051b07ac7b332756fa4393e2210855e913ed5e0fbd713afc683f7e731bcccad,PAN-Corpus,Source-source-document03530,2025-12-08T19:21:44.262578,2d0328ed3f342557dbb7bfdf7549432c821198ddf71eac8547c592126a96de6c
b63b57e7281dcef1b8c029672d63ade1739aed3cdde4071d0c5adb92490826db,PAN-Corpus,Source-source-document02364,2025-12-08T19:21:44.556971,16da70020ca2490a32c9bb7b7b05cd4cd5d19fee3c07ca61c6b3fd1322b8f737
d0e6f51399f7975c6950a1e57e9b4aa62b5d2d2c5ff0b4395d78d7c5d46a3cb2,PAN-Corpus,Source-source-document08363,2025-12-08T19:21:44.870247,4628021de9b523dd2b7a8bbbc33c38ef524598ea1c31a82fe2ae34de38c14d9d
fd7878ca026d46988e28e57796619cd5c911e97c15082df4155a76e47de26fae,PAN-Corpus,Source-source-document01798,2025-12-08T19:21:45.220524,69a112ce076e376ea169741f6219eae87a9f36b8113c8c70e9f1ea728f6c8a16
ee05102a560b03d4709f722c71a0d6925cb56946ea9e96062d2e36dae0569c2e,PAN-Corpus,Source-source-document00867,2025-12-08T19:21:45.549561,25938631934155add54c30db2dd68c7f4c62fdb47a94d267298e9b571bfac1f1
e4601ddb4b98391cd280fb6db821a580684157cdd99c36fccff1f5fbec05ddc7,PAN-Corpus,Source-source-document09315,2025-12-08T19:21:45.854649,67d1860823c35499d550b2ede436c787b05d1ec5e86d658a6d16971e7ce7a3ea
71694d80252b8f6d02563aa5bd6983866ca427fc6f476e2e3e3ecb01891446cc,PAN-Corpus,Source-source-document05655,2025-12-08T19:21:46.165554,328dc65a21f40848400434a9c3ed88a589e149bfd3f3aa35b5916292743d953c
98459d1306858be870b5ef8b63440f500d78247cf3bfc39ae5f6242429eb28cb,PAN-Corpus,Source-source-document01555,2025-12-08T19:21:46.469002,993e9a62b2c447cbb427d717bfedc05f6d7e655decb4ab3b526fbca52d7e1af8
88c59f9bd7ef51dd01db0f4b62f55e7c8aaaf4dd5613f2d85b28581c7472f68b,PAN-Corpus,Source-source-document07589,2025-12-08T19:21:46.719337,01903b26ff567bf6d6da3e99aaecde7660fa82b59cd7800178ef5ae3a1a8c948
4600b6505bcc796ae3f83f07d0385783bd24409429f3f85ef09f88fce3056368,PAN-Corpus,Source-source-document09718,2025-12-08T19:21:47.000643,5b7f453e118e7793f5dde2c6bf9e2315a201681cbf82d5dbae70741c95ab3e00
eeb0985a52f59b10c442fb0c2e32a7d5895211bcee2fee4371721152e1872cfa,PAN-Corpus,Source-source-document09573,2025-12-08T19:21:47.287688,55d403db9f4100cd529cdcc31792f9e1397d8b7f9a097e09a9eaaf927d511b84
667599ca84b3c80808e92aa098c4280517c91baf68363ced9674620d82ed7ab5,PAN-Corpus,Source-source-document02833,2025-12-08T19:21:47.577696,6869d49a35ede69bd9b92ccc2d8ba02a5f30d13b911a0818cac1d69238110e8a
de304ee042aa77371924baee9709164a625de094eadfa2907553199dcd0659cf,PAN-Corpus,Source-source-document02765,2025-12-08T19:21:47.867797,c0e9cb6f74edcbbc2183ff5ef0e0569cce8f20e2d61e483531dcf56030acff8e
6c4fc347b3f8fe715f3303b6ab3f8aba1ace53b6c33b623e243fce5114fd655e,PAN-Corpus,Source-source-document09062,2025-12-08T19:21:48.246986,47a9faec231593a05f2dbc4ad0587248348145a2d8fdaaaa5104b67f1a147d27
41fa19d1614f3a85efa34a6973d57f6530291601805b51fd91d100617dc2d873,PAN-Corpus,Source-source-document09638,2025-12-08T19:21:48.563106,edd0ca8c6e4a86a1f4fcfd1934b742395cc3ddf7cc9dfdc3002e175ea15e3cc2
1798e6751dadc57d2d04573e878ce9cb109e4d4664f33288ed8ecbf6f05d5934,PAN-Corpus,Source-source-document10165,2025-12-08T19:21:48.841940,91e7b1ed9982273a3197662b339ab9d43d22b29af29bb1b2a7118cfac34ed7c6
6a9ef8d80a335dbaeb99d7b5fb6e1ef998e11eac9b95382f7f90d8e0e831228f,PAN-Corpus,Source-source-document02140,2025-12-08T19:21:49.138771,0aa9d1b1c45dc506a6b3b3a49a9d3ffc8469f88dd1afb4c577524d60349ebe5e
c54b2a46cf7e8afc1721cc80643de859c4749f090e907813208a9f5f2f7263ca,PAN-Corpus,Source-source-document02952,2025-12-08T19:21:49.455842,a62bbfea5b68b59369800640c1b5b213a959e281c4d8b037a96eb6347cf80b20
bfea8f67c62f1a3781c2bc0c779c6fc250677f9c934b107eafb807bcd9288f08,PAN-Corpus,Source-source-document04361,2025-12-08T19:21:49.739394,e297158a8586a8c8aafea7bbe5ec002c614303d28f99eb97eca4dd7e487b957c
b3e187a0ddadc643b56fd9cd006895d9f2df918094f8b78e352f5248f9ff255a,PAN-Corpus,Source-source-document01627,2025-12-08T19:21:50.115811,749e878d070c54943a65ffe7cd6bce6572103bb32e2ba402043d10aebb62a6bd
1ba6afb3fda9976d42217f5970f4cbe3b1c6d367fe8703d307356af0028f7788,PAN-Corpus,Source-source-document00998,2025-12-08T19:21:50.425419,38aa2160e93cf6a9d92e3af9c4905f1cb5b349c52fab4eaa47747c2b16184774
372a98b6feb74efa24dbb76e7051bf01eb432728178c0bb95579d916bf286d7e,PAN-Corpus,Source-source-document04201,2025-12-08T19:21:50.769354,99502544abc30bd36f156fb846a22e11619f959493f45d1b4c12e4ace8d9eb9a
bcf4a3081f7bf6a23fcdc0b14106dee8c04d43ae88d0e8279743480bedf901b4,PAN-Corpus,Source-source-document08005,2025-12-08T19:21:51.084454,eb738712eee8cce9f281746818c2fc5659f10ec023f2c1c01e02aaefe89f9935
1399f133701d8489698f79c17c69ed012f1a06d05b3a8bab08fb628b7d9cd24a,PAN-Corpus,Source-source-document04978,2025-12-08T19:21:51.443585,5deaa64c504d428c6b28f5e888b6620b6840c1ed15fdb65e8a66a472897d57c8
bb7b57cfceecd3f40316522bedd04731151dae645f29572e4a9dbaf353f75e50,PAN-Corpus,Source-source-document08873,2025-12-08T19:21:51.747362,fcb422413b4511eeee1987039ff9663f0c9134a2a43ae29f02216a49fb3c76d5
fc0e80a405d3f1c79c8d6a7a8128ef0ce4b5f1c3b87700ab37f58c5d601c8483,PAN-Corpus,Source-source-document10148,2025-12-08T19:21:52.012709,cac7f9174fa07e24623b5adb6e2296400d3b286fc31111f425a66c10667792ad
cfd740680fd3e8e02e37482f18b0161939b0bb6413f6aa15a7a2aa3b822258e1,PAN-Corpus,Source-source-document02800,2025-12-08T19:21:52.296294,d02fbec4655e4e248a308a333dbbdc7b079e7bcdf4cebadb683b4256ac59e10a
5c22c497e7518f628a9b35231251dcdb7f1399895bd942c7628d4d637319c771,PAN-Corpus,Source-source-document02172,2025-12-08T19:21:52.636132,1cc52902e26792e643b78a0f1ffcb99432defab264e42f014835a07ef229a5a5
2330278233c3b0a50322563b9f30b99a30d0d6e6c557980d0d556d4de4b9a032,PAN-Corpus,Source-source-document04937,2025-12-08T19:21:52.958459,58d0d423391e7b528a9e1033703c8a5e6a363fb82f71f246558499d6fd676063
9a8013d66cf45fe96edece6c64529c1a79696b01609a0fa4c3e5c59adb75c18c,PAN-Corpus,Source-source-document01670,2025-12-08T19:21:53.287959,4a1c1a366231ac2df3142dfa2aaca7f53f7dc6ff1d287b3f4e18c6157d4f851a
99951e531278a6c5300771a2a57e33e25767691dee480f4b0a8f71aa3c335435,PAN-Corpus,Source-source-document02654,2025-12-08T19:21:53.705495,33637ecf6ddf83c88e8622b672781f10416caddd2da15b0a1bd00f977e01d729
e9da99de95b0c25da3568566a2e3a95666bc07a12b268afdf37c3cf643229a6b,PAN-Corpus,Source-source-document09287,2025-12-08T19:21:54.052933,746d9dbbcae1aaaab0a9003e9451a3caf4673d9ff1ff2a492838860a017807d2
01e8646697985a28084e27ce494688d02caa23802c994c3899eafe274adc869d,PAN-Corpus,Source-source-document04304,2025-12-08T19:21:54.424394,21dde1a781a44cebb631c0380127c838c3dedcb0f4a9830bb32e2c1f3ca72cb3
0d1cb54361077b35258cc8ed073c5caaad475749b586f2d9dd5e50dd8e249a6d,PAN-Corpus,Source-source-document06979,2025-12-08T19:21:54.797643,33b9f2482324126025c1360bbbc2ec47e6bc57b7506a6468de302ab7a0f571e5
374b4a2bbf8df18650255bf45a4810ab4aa1576ec947e1d9baca15de7dc8a196,PAN-Corpus,Source-source-document10979,2025-12-08T19:21:55.074701,e7afc43ad60f20d7a6f5fb38eef1ae1f9ec7fcc256738597a98315dbfab8a4a5
b70ac5107971e25fe6ada9f91f188452544ac10f2aeeb50db8b3a06c8cefda9b,PAN-Corpus,Source-source-document06064,2025-12-08T19:21:55.373096,b0eedbb1be3eb65b836b20c89a73e08cd0fa635335e0d0a58d6407f9fe0f1113
36c952da3ef4f377d809998bea10906bed1522cff59ba3a6db4e6274ca7747ed,PAN-Corpus,Source-source-document07988,2025-12-08T19:21:55.684973,2a27dd973af5b3ccb9464c65d747a374a3ee95eab4ea7b41aad317c06882ccf5
88d733e4fc8556cf2f26d7f2f60e2fa60398f5cb63c0aae22f211dd97c600ced,PAN-Corpus,Source-source-document02955,2025-12-08T19:21:56.009966,0c6523a0eabcb27d44f272d32c13a3cbff7d3ff9ad2f8f7a16f2df749b27210a
4f9d426d5ebf26fecbdba3c232a3d9063f9de3db23ae3ab8565e6853a40fb117,PAN-Corpus,Source-source-document09839,2025-12-08T19:21:56.333112,7ca3b35af161beb889dcd292e62d2abcfc2453776c219bb246afaf25be0d7fef
c00b61f649d401734eb25f81cfcd3f56da582c660b540cbe12bb0ae45d09c80b,PAN-Corpus,Source-source-document08736,2025-12-08T19:21:56.723467,85f9145f9ddb3be683bace435ba891b385f5c5fb9810239650eca10e57a46fb1
2e27d2b13fbdad71f86ee568d53289d17ddcf648936fb9db3cc4b2d814a05c99,PAN-Corpus,Source-source-document05334,2025-12-08T19:21:57.109477,0a72eb96dfc26fa88efe8300624c3a2aea7eb4f83d6155529e94e31b03913978
aabcfbf098cf68592879913811f903d06803b9174daa49b3cef7985967a9475f,PAN-Corpus,Source-source-document03008,2025-12-08T19:21:57.453048,d2cd6aef5eccd919cd66c566b528892986d4022b0145510ed24435be99f0ed86
df9fb83501b05deb366ade7a3725e006d148f53f0d44581ccb5dd8c5113bce10,PAN-Corpus,Source-source-document08831,2025-12-08T19:44:59.408323,e1fbb136410571e8436b59d51d8a1c1f26d23a04c47298daa008736eca36a416
a997c2dd72e46c8dc2711b1633de1c010cec06a475cdddd9d1400df10036d648,PAN-Corpus,Source-source-document08143,2025-12-08T19:44:59.907719,1a4fad407e4ee5a10f9c789f71b0672d940a79cec7b96842816bcf8e97a00e66
c72475f0a2edecda9840c9ba7f654bc2f42beda655c928bf809e28750dfadd29,PAN-Corpus,Source-source-document10608,2025-12-08T19:45:00.248331,e0b48049f34fce9c7eabf274255031f82beae9d9e74f943163b1597775f9e031
2a4bbf00e2e1b7e026236315d204d6226680a03421f1fc83636d195997c964a9,PAN-Corpus,Source-source-document04626,2025-12-08T19:45:00.541357,9e56748b7aad2e8403e97aa60836c2542328a195049534a0391c4d5cf4a86465
9fa3590852c7e7bab12ea4c7f8ae08aafff566a3f5a3f685d5c97aa01933e566,PAN-Corpus,Source-source-document01403,2025-12-08T19:45:00.839330,e7cadae2ac28a0e78f1e45b5f941761722adefb85550747955b579f4cde48f52
c47c47c962e07a8bbda099238aa95fd12ef07198fd5d50abaa53709fd578efbc,PAN-Corpus,Source-source-document08059,2025-12-08T19:45:01.280175,e890d24a53f7000c58585eea8228e87fcd52aee1364cfd22db70d723477bd121
64630ce9805f89ec2395d41380ab45db1d6542e3e147d5644a57592c3849ac7f,PAN-Corpus,Source-source-document06163,2025-12-08T19:45:01.554701,00f6cc2e91bed7d66b169290db1e52f5439237ebefec264086d1d3202a99119f
60aaa3bbf17e09abd123d2d92f1743e5884f60b9dc5ec6380ac31b5b3db8149a,PAN-Corpus,Source-source-document09755,2025-12-08T19:45:01.928487,4040e94e655b1a6de55dcc27ccb8d526a6efae1ff96b8db01ffb85d564d71337
7cedf82cdecfa34a5d37a38aec07321315e74b2cf1e1cb633af7bd7bdd338f3b,PAN-Corpus,Source-source-document03465,2025-12-08T19:45:02.368524,adcecd29257decc15a96079e8007789d2cc695c0db79b0f2cd840bfd9ec4e96b
93206ab63c3d8ba28dca6d8a9f558a40655ad8ff2e0424d86e0b354cfa0c9b85,PAN-Corpus,Source-source-document10707,2025-12-08T19:45:02.771448,0ab872ad1b284ced8f76d04c8aac3335881a6449792945a884c674f43d0a32ff
231a4cbf2004b434a61fb5402f1ba6eddcf26e61aa21dddc430d8aff096a33a4,PAN-Corpus,Source-source-document08373,2025-12-08T19:45:03.226850,54a192dfed9b43c663ab07158250c5681e9702e236d702de87746ccb63b79f9f
bfb20a0ff4081879e65959abf76092549a333472ead065b5a8203a351b5b83c2,PAN-Corpus,Source-source-document05870,2025-12-08T19:45:03.681292,3922dc233d84ad796d628f30b27162cbd61c9ce600eaed21546eee4e083d6f45
ef15cc80045a8157c8fce3762933e89afee2a910c9e262d2a29da4666a252dc7,PAN-Corpus,Source-source-document04189,2025-12-08T19:45:04.116013,8d1c8196eab8b31c245ddab412408503586685ce7f19bc02b1a1155bea296dbc
1ba1e65e99d6565e08948cc28a5bcb6868a68ae93607638d639e5b4dff03ac29,PAN-Corpus,Source-source-document06735,2025-12-08T19:45:04.550311,6bdbcc9fd68ea9c970b987ca4fc8453b82e8b2d0a1fa41017d65ae9f308d4d65
5a007d9ae7e363ee11cb56eea315eedb8c8ed1ff6e384e520307abe20e1d1778,PAN-Corpus,Source-source-document10614,2025-12-08T19:45:05.032750,504507df23edb25aca33e74cd9d63a51d205180331acc1d5ae1230e5ba4779b7
263a7cdac9b41ad48aa8f7a916f16feacbb79181a13d1c7913c28f7d5b2d2da4,PAN-Corpus,Source-source-document01234,2025-12-08T19:45:05.526376,d3557b3c04d76f37a1ef05a9b57979e7295f2a30778b983b0be5e86785ef3ea1
cc8fc3abfd362f21fa80e8a6e6f67732ca88c6a2160307815cfbeb48333f2152,PAN-Corpus,Source-source-document10470,2025-12-08T19:45:05.996715,58e8fa5e64cf00b48e66ccf16bc85985b000920d45f533fb1e2aa5e0d7c1dd54
acd640d7e731ebc4a4ab677b19d063dac13c5cda8dcfa8626310152302997138,PAN-Corpus,Source-source-document02299,2025-12-08T19:45:06.273017,3a84d0309952375d7ac6aea6eac3a5842b161d4b02d306c435c2b831301aa1b1
903793683f5d38ddd41397dd1635d34e508b9280b46c79e807c0fa83b0786fdc,PAN-Corpus,Source-source-document03959,2025-12-08T19:45:06.534933,e2aeb5700fbc20aeaf119633b5752f15d7485f3c373d05917926c3fd03b2afd2
c6f0683432a507b83625c9a9a4236e44b8f08b623cb6b5b1264ae75f36d09bce,PAN-Corpus,Source-source-document11085,2025-12-08T19:45:06.801808,c285130e5ac3278bd9a00d9a91e39648f901022b86ec54e7f623f1fef8756c93
f733c4fcebbbc3ae82d18a99f838aee068537c1ec669704ec4e50d7341f5c0ba,PAN-Corpus,Source-source-document08300,2025-12-08T19:45:07.231844,d974c6ce6c232b8763d5b05d8aece4761352ceb39147271fa4b5742b4bab9684
64ae069fc77d067a8f971362b178c18e974abf9d9821e60164db1e643b5610d2,PAN-Corpus,Source-source-document03725,2025-12-08T19:45:07.613488,7e440fdee8c120a8ddab80d92c03704b02474081456528384bdda3898685440d
94c6491e72fe3bba6fb3656469540c9a310c68720e1bbf19086ca61389141a0b,PAN-Corpus,Source-source-document03059,2025-12-08T19:45:07.910351,08693e610679578c36fa75039cbb5c93c8e0b4afc526205705efa99762dd74a2
1c39f75d439046aaf136efeb9479512acf395b985069fb1e11a6c17c99e4968a,PAN-Corpus,Source-source-document03125,2025-12-08T19:45:08.192590,6eb6e22f0c976b1efdcd596cbe31b49bb8e6427a6efe1c5c9b9325d3300ead9c
4d5597a1e57d41e379a181b166576f63c0f254fa33c285aa0165599f0e80f981,PAN-Corpus,Source-source-document06274,2025-12-08T19:45:08.490269,9c0fdfb5129986bc24356db36a6c550e2d51c63a141296c8c670b71cd91355ac
631465e8f2a7c8f225bcaede7c4a145e0c39e0b2574edb8e46233082bf0b359d,PAN-Corpus,Source-source-document04085,2025-12-08T19:45:08.747801,fcca4abc9a06df44317f5ebd6f8fbd17c381011c1cba0fdaca98ab7faef3f802
9dfc65f51d1580dc191da3f2e036bc0dc4ea88cb701b5dfbe020a34a8f395448,PAN-Corpus,Source-source-document04532,2025-12-08T19:45:09.010227,fe565173ea6a368025752e3900083a3c760bd1b8a5074a7644737d24a3a0a7ea
1c7e3c7f13ab35d94513bb866fcd7f3611e4f29f9e870a4398d79e53708977ef,PAN-Corpus,Source-source-document10733,2025-12-08T19:45:09.317701,ed4852a8f4ed249d81a71ea115434c722b04b342b1a93674cfabe930022e936a
dcc47b75a31c25a6b950ad73e197343a1f8a005f6cfb61c1af07f500d6338524,PAN-Corpus,Source-source-document10129,2025-12-08T19:45:09.641410,da7e479477b6a6602cf284147e8d53b9df3064e46875a51f5565a6cec17f26a6
eaa68c027576f862192c838ade2165e6e99dee1373220e552891ae2755a4c812,PAN-Corpus,Source-source-document06892,2025-12-08T19:45:09.977954,7f58b76c1a1b456c7433e62af57330d10fb52ab7b24df84ac8b21c7c7ed65c32
75aa01b7e2d4e1ebac230f84175d780e64939147bcfc83c059c350908b25ff66,PAN-Corpus,Source-source-document07639,2025-12-08T19:45:10.228835,89a442b45078ead9989453a0e707edea3070cf5e69d5004c706b89f798d6136a
1e55e0a1386b9cc16b25ae9c4afeaa72e7fba0a2c9d6dec0f3ad01a67e4669e9,PAN-Corpus,Source-source-document00737,2025-12-08T19:45:10.531542,c363bb91c703ebbcb9554ebfc7f5a79c389f04b8da079d96df74876570503a76
37f0119af7a3349ba64a60b125c4d66639313ebd8da3ea3a6bbdd8ff0d2eb123,PAN-Corpus,Source-source-document06610,2025-12-08T19:45:11.005785,334b80765159fce16386653b22625a57ac1bbc0fd4a8feea35cefd80cd135afe
39a51ad9f33b7425a255c675205eaa77e291760a28947fa91078ab8350160190,PAN-Corpus,Source-source-document01051,2025-12-08T19:45:11.277844,a046d32b57d820067a6d269cb76bed2e3f31b0c623c8c6e5bbf899f29b4a3114
b34af4aac31c11da6fc324118e4dd65a0c40d6d3f448afeb5f85f36b6119538e,PAN-Corpus,Source-source-document02407,2025-12-08T19:45:11.541401,82946ad98386d7a8364c2b7ce67d16045b828db34786f04f6322e0b6bd7c6072
43c7cb2a57d9746ef79c927a7e231f119355ee9d9a4b2eb3f64edae98f95702b,PAN-Corpus,Source-source-document08878,2025-12-08T19:45:11.871841,9146f8ba21837b112c350c5296e758abfb3e36cab1ae84e26c8f1d2b0611e261
1034e6a087f031335fb246afb3d6ceae1c74c0f55a0bba8fc24888696d548e5b,PAN-Corpus,Source-source-document00868,2025-12-08T19:45:12.154092,724b37ef04d85bf9607521bddc483640534e9c6f4facd671c912edab7f9cb280
e0c0a065f47b3a60a0f071f240301b5846865151fb67fab46be4e20cec5f3aec,PAN-Corpus,Source-source-document10509,2025-12-08T19:45:12.460327,0050dce05bdb4527f66188a083e9372f5830c26fbbdb7038a5238d79082bc2b2
4856f09cd7694fb99a48615ed509e240c6a6832e76278025d97bcac138fc71a6,PAN-Corpus,Source-source-document08695,2025-12-08T19:45:12.791477,0a31a0bd0d850cceb97ede7d2e84402c92007686f9c2a03c844174fdd967c16e
eda0588a0935eeff2492043578345c2933f4c8ea214eae3a2f6befb523837cb1,PAN-Corpus,Source-source-document02018,2025-12-08T19:45:13.162293,ec71366217bb84bc44130b101577db3b7047f5f8c20a3f581135c223102fe42f
1019a0766dd136153c6b10c1c652a87c2dd75dcde3f47d2bece4599aff38c4d7,PAN-Corpus,Source-source-document00882,2025-12-08T19:45:13.413497,317be7e10b1e5d062037029845195b4e4b18d2da01433a4fcd86192d527db2dc
3a437e5644efc758751be6e2c39c9ca75e47bddcd514c7a4b7f214ba69f64277,PAN-Corpus,Source-source-document01016,2025-12-08T19:45:13.722252,bf3b2bb88cb42df6084e0eb63d7f711bea8294a82db9d26704e72f2d7afd3345
cbdcd6a827015d96c75ff15de6d3e65e16d3a285dd51ba16a85d31c530db2506,PAN-Corpus,Source-source-document02839,2025-12-08T19:45:14.015081,20478976d02d848b0dd14e070586040b47572c97150c556ba9b982851bb2819f
8946b6e294e619ec3974903ceba1209f8ada90ea526d7ec3d6917977a92ec134,PAN-Corpus,Source-source-document00841,2025-12-08T19:45:14.376186,9cb91358fec64dea3da38537b6580a36b330a6d1057dd1aca439f8d89cff7075
dc88c09e37ac53c1030b119c1be61d1e35bd79b8f70a5f855af6576248a16d45,PAN-Corpus,Source-source-document06664,2025-12-08T19:45:14.778017,e3c013c3e7876656bc2705868c80127f3d6508d74167490f15933e31495935b7
7410cb84d19b755c9d594bfea66ef215811d1f414a70caa82836ec05fe6a26c4,PAN-Corpus,Source-source-document06238,2025-12-08T19:45:15.196338,1565a5da5b3c71fa5e3e5043079314d9c62d6ced54abaafe3a347b9d474b6996
175c8493598bdbb56f0ac8edc6a5b267f81f85ca2b9f1a3b86e0f9641ab2c454,PAN-Corpus,Source-source-document02317,2025-12-08T19:45:15.486623,3f72e07785231e4205e2fcd0b2d4c1bd385addf580e87462bbd31f5be5b02e14
54c336d1169ba30d526c291a978b389e193dabbf3827f7654d5a6b4c897184b4,PAN-Corpus,Source-source-document09509,2025-12-08T19:45:15.754783,aeb54fedab898e4364ac27b388a673c564c9ba0412aef402543265a841ee9e9c
3faa26acd9930a6f52c1cb98dade1c53d8d34be47e2f69f5b851bdfc2770a0d9,PAN-Corpus,Source-source-document10500,2025-12-08T19:45:16.117134,ac814c835e491a356b0aa7036634668d7f5b1c1197d2423b3010cc7cc64e9c76
aba873dd754f1d096fddb60b04224ed35ab9b87c8cd0f6ec9187e08225b66264,PAN-Corpus,Source-source-document01520,2025-12-08T19:45:16.514724,13deebf58fe954f409da57231b85e248a6090b20d3212fad9ab77762372e87e6
591c843ea107f5ce62ce1259044aeb86e8915e1839cbf188298500d2f3da4d20,PAN-Corpus,Source-source-document02410,2025-12-08T19:45:17.227958,4097f864e7cd24bbd0ec0e5e3fa265b3a7f49966f83f85dd25c81c24f6b150f8
d194958b1c164021d684b6deb16e2740bc93bef5d5f5f6169dfdc279aaafa7ce,PAN-Corpus,Source-source-document10190,2025-12-08T19:45:17.711410,bcd7fe945fa752bf27b01bf35c5f9c20d9b26fd13fc9eaaa0c1869073fa164c7
87843de513162b017c9e23f1a7652ea45657ceae4ef5c46756c93005695b7c96,PAN-Corpus,Source-source-document08127,2025-12-08T19:45:18.114688,9382b3f20d316ac83cab0ca3181ae20042483dddbc27c7884ad128c39e967e96
5c36dfcb7c36aec858f90735c4c0c3ede41b0547af7e4e23cb423106dd9b3a77,PAN-Corpus,Source-source-document08971,2025-12-08T19:45:18.796962,5d65a376cd834fbe6442af8e966c3e6f85933b04badcc44c04a6d3e1661983c1
f53052cbbcf77a87a6cf258ba5dc8c8a8a30e9a44ea663bec9cc6a28869ac2a1,PAN-Corpus,Source-source-document02255,2025-12-08T19:45:19.172750,367de6c0c859c937d8971c9d9be63b65032fcc8e2ed90305cbfa90299f46fa13
e17739069612dd4d853f944ed48e62d7e39a992252aeefb60a5612dfb89aacc9,PAN-Corpus,Source-source-document09507,2025-12-08T19:45:19.762181,aa46a8c2209953a272cce20fcec250d2de315aaad1fef056e1e36643b1063a14
e6c00bb74e1d6b639985ea720ddd35cae8339211fe02bc26ee6458204e69155d,PAN-Corpus,Source-source-document04279,2025-12-08T19:45:20.110519,3f14f7382a5da900f076055f2deab4bb31fb8725c204c39c9fbcc03b7bdf1343
74fbeafdb30309f03dc28a9eea9ac47982dddb750e1f3619b7026e8d0d314337,PAN-Corpus,Source-source-document05407,2025-12-08T19:45:20.594645,114026d645a19eabbb40176d70bd558d6cb41982fa37ada507f6954a758122bc
031faa5d2188cc0c061486b81f102584cb0eec3dbb01723a9640e333255ef65f,PAN-Corpus,Source-source-document00794,2025-12-08T19:45:20.994391,53fb86d6048d45fffc6a67b42d46f6c282d817a6de266286d7ebcdcb55eb915c
4f8a25f6b4472f1a681c7d055460bd6951d26891c8a853301aa0fa84b07ad116,PAN-Corpus,Source-source-document06771,2025-12-08T19:45:21.336752,7e9d80bdbf515e6b474f8af069c8e256afb0949fa075597ece9a6475b7a3fd2b
094ac925423e0d3922dff6cfefc8053fac34002ac61135a434b58da506320377,PAN-Corpus,Source-source-document08956,2025-12-08T19:45:21.678360,a40939df6bd7af0ed88ac1c76a395b380f5cd08d7a2566ff6e9d5f63c9ef9d80
96732cac081277e0930b48360afd3b6862920bfa80bd295b98b34d7b288d30bc,PAN-Corpus,Source-source-document08918,2025-12-08T19:45:22.016003,566f1466fc91bba85cb2ba48071b313ab11a152917fbbba17495680a9ad57c63
7372fb8aacd378825891de3583e1b95a163e15e115df7270fbb5275ab86b5e13,PAN-Corpus,Source-source-document06517,2025-12-08T19:45:22.363188,127645654074ef6be20f8996d216bd16ba70d4ae54197b7ebd9722337eb69ff9
2e91aceacefc6fc1956e642d162506a08e74ce33ead9af6e3331c2adfcfed6c8,PAN-Corpus,Source-source-document09084,2025-12-08T19:45:22.718917,1eaf155633c625b6b9d0041e885f6eaa9a025cd03c9c8347c4f780101ce1e15d
40b1bc67c64c4ed3fa021e58b8263bfaf8537831a8c78eb54b81690d9ca4e271,PAN-Corpus,Source-source-document02123,2025-12-08T19:45:23.042603,283e387a7e927ec1a69bd4ae290674bb67d67b30fedcea33f24cbf8acb73a014
74c8a86ab900c69b0d8e5191417257468fda335cdb90e3ec93e19cfd0b31dcb6,PAN-Corpus,Source-source-document03350,2025-12-08T19:45:23.380482,ef46d3626bf32b95ef06f9f102e9e323200c019e02625e643a99150ad263c050
1dd3c41da5c88d5763daffe63bbc920535fc295c593c073febceeeaed8237882,PAN-Corpus,Source-source-document05981,2025-12-08T19:45:24.060515,8f78b63ce23490db20612bcb6b6bd6aebf44e1c49371fcb28e93b83e65ddc4ff
e715190b430ab708b4015400d60904dd8da907a80596a535c6b93090cd1b6567,PAN-Corpus,Source-source-document04193,2025-12-08T19:45:24.383895,b736453c60f6941ce806e22108a5cd464e0e46205a281d45535850a71a8b5f76
e19921fa7e1627e75365f5ed79d5d5acbe9c64816b77db78d13f865a1d37176f,PAN-Corpus,Source-source-document02442,2025-12-08T19:45:24.714097,f4d3dab04508cf62db3c9d63293b1d8abdc90ae8a03243bbd3102c8399349d43
d963285e1a57ecb54c9a87f1282423a013a0c9b871371857bb78fbb851bfdfbc,PAN-Corpus,Source-source-document01638,2025-12-08T19:45:25.032680,6769456ddfa3c751adde8ed3f3e50681756766fd89091a40851c1b91284b51e5
99c7d66ed00f958dce90c60d407204aaa67e8eee866d8fb0179f807989bba30f,PAN-Corpus,Source-source-document09987,2025-12-08T19:45:25.393761,dbe18402d93b17db0252981c443a76d4ee1aaca7fd8e316a3f1ed8a5861c057f
abc93233ed660cb029dcd87a8d2e81ae6eb5ef7a03f53b75ec974d09a68f3e7d,PAN-Corpus,Source-source-document01546,2025-12-08T19:45:25.774805,9353d79007aa893fe574e216a3b962f2a63ee602b489be77257cbe4b6ab7bbdc
1b0f8f2ea9ead13d01843a242a323ecf49299832e8155d0cdf345fd4fe5fde76,PAN-Corpus,Source-source-document11015,2025-12-08T19:45:26.168836,13dcd9b68f10c9c32b67b4b874783b601e2009a255f0d6997ab4c34344de543c
2cc97dba99f2b7fc6fc6211069238892c8801424e0fde13281e6e2be5b1e1542,PAN-Corpus,Source-source-document05780,2025-12-08T19:45:26.574585,3b4bc5264c20ebcc4f9786c6ae74a0088d58a6822614676ae616d4ca77cc6660
4ef6c484481cbe1559125dcf339f91b3fac706986ca075ab363073dfe56c7488,PAN-Corpus,Source-source-document06442,2025-12-08T19:45:26.987712,a9d7fde946b3129ab81e555451d1f145d9900860e4c6e6765a3199b936fe388c
da11a7407620864f3683bb2d53c1d61aa40b2a666f2ce51820ffb5c25bbf3337,PAN-Corpus,Source-source-document06883,2025-12-08T19:45:27.458240,afddf4f5434fb8849720303fd52c26a9ddadca14085ef8d1fc88be24c49385dd
41c70c7859aed94154161f1fd5dd16c46a6d9dd4f2a7d250d396b6eff2babf9f,PAN-Corpus,Source-source-document11058,2025-12-08T19:45:27.741360,6c4a57e401816b92990655a49dc50fbfb78e6673f79452273487b4d528f1d6a4
a52e60b496e0207e15ff4c0f7f53ad969d76ad31b2265fa57f0e024ac8ee0b1e,PAN-Corpus,Source-source-document05972,2025-12-08T19:45:28.084426,8f98e7b4606b362b65a65bdfeb335ab526a15c26fb03a4a96eb65b240bd2f247
f3164edfcd5d7417cf68adc8c1120b4c2010d5f16149f42a417e8c0e0945b4a3,Abdalrahman ,Social media,2025-12-12T16:23:17.870308,c5aebf84caea43dc2f9351a760902abf20d5eff3d3322209e175b0422bb57f10
